hri_value,max_temp_celsius,min_temp_celsius,feat_poverty_rate,feat_unemployment_rate,feat_median_hh_income,feat_total_population,overall_homeless,unsheltered_homeless
4,25,-2.1,0.143754067,0.066437857,65780.75,50440323,70087,26140
6,21.1,-1,0.143754067,0.066437857,65780.75,50440323,70087,26140
6,19.4,-5.5,0.143754067,0.066437857,65780.75,50440323,70087,26140
8,27.2,-4.3,0.143754067,0.066437857,65780.75,50440323,70087,26140
7,24.4,-7.7,0.143754067,0.066437857,65780.75,50440323,70087,26140
9,23.3,-2.1,0.143754067,0.066437857,65780.75,50440323,70087,26140
10,26.1,-4.9,0.143754067,0.066437857,65780.75,50440323,70087,26140
22,30,-2.7,0.143754067,0.066437857,65780.75,50440323,70087,26140
10,29.4,2.8,0.143754067,0.066437857,65780.75,50440323,70087,26140
14,26.1,0.6,0.143754067,0.066437857,65780.75,50440323,70087,26140
55,32.8,2.2,0.143754067,0.066437857,65780.75,50440323,70087,26140
36,32.2,5,0.143754067,0.066437857,65780.75,50440323,70087,26140
84,33.9,13.3,0.143754067,0.066437857,65780.75,50440323,70087,26140
79,33.9,12.2,0.143754067,0.066437857,65780.75,50440323,70087,26140
172,36.1,17.2,0.143754067,0.066437857,65780.75,50440323,70087,26140
128,36.1,15.6,0.143754067,0.066437857,65780.75,50440323,70087,26140
165,35.6,19.4,0.143754067,0.066437857,65780.75,50440323,70087,26140
196,36.1,20,0.143754067,0.066437857,65780.75,50440323,70087,26140
121,33.9,12.2,0.143754067,0.066437857,65780.75,50440323,70087,26140
174,35.6,16.7,0.143754067,0.066437857,65780.75,50440323,70087,26140
250,36.1,18.9,0.143754067,0.066437857,65780.75,50440323,70087,26140
128,35,17.2,0.143754067,0.066437857,65780.75,50440323,70087,26140
174,35.6,15.6,0.143754067,0.066437857,65780.75,50440323,70087,26140
233,35.6,16.7,0.143754067,0.066437857,65780.75,50440323,70087,26140
313,36.7,17.8,0.143754067,0.066437857,65780.75,50440323,70087,26140
303,35.6,16.1,0.143754067,0.066437857,65780.75,50440323,70087,26140
282,36.7,18.3,0.143754067,0.066437857,65780.75,50440323,70087,26140
340,36.7,18.3,0.143754067,0.066437857,65780.75,50440323,70087,26140
190,35.6,17.2,0.143754067,0.066437857,65780.75,50440323,70087,26140
160,35,12.2,0.143754067,0.066437857,65780.75,50440323,70087,26140
120,34.4,17.8,0.143754067,0.066437857,65780.75,50440323,70087,26140
93,33.9,14.4,0.143754067,0.066437857,65780.75,50440323,70087,26140
100,36.1,16.7,0.143754067,0.066437857,65780.75,50440323,70087,26140
82,35.6,11.1,0.143754067,0.066437857,65780.75,50440323,70087,26140
45,30.6,2.8,0.143754067,0.066437857,65780.75,50440323,70087,26140
19,28.3,6.7,0.143754067,0.066437857,65780.75,50440323,70087,26140
18,31.1,-1,0.143754067,0.066437857,65780.75,50440323,70087,26140
22,29.4,-3.8,0.143754067,0.066437857,65780.75,50440323,70087,26140
17,30,-2.1,0.143754067,0.066437857,65780.75,50440323,70087,26140
12,27.8,0,0.143754067,0.066437857,65780.75,50440323,70087,26140
10,30.6,-3.8,0.143754067,0.066437857,65780.75,50440323,70087,26140
12,27.8,-4.9,0.143754067,0.066437857,65780.75,50440323,70087,26140
7,24.4,-4.3,0.143754067,0.066437857,65780.75,50440323,70087,26140
14,31.1,-2.1,0.143754067,0.066437857,65780.75,50440323,70087,26140
19,28.9,1.1,0.143754067,0.066437857,65780.75,50440323,70087,26140
10,27.8,-1.6,0.143754067,0.066437857,65780.75,50440323,70087,26140
4,23.9,-13.8,0.143754067,0.066437857,65780.75,50440323,70087,26140
4,14.4,-17.7,0.143754067,0.066437857,65780.75,50440323,70087,26140
8,27.8,-7.7,0.143754067,0.066437857,65780.75,50440323,70087,26140
6,22.8,-10.5,0.143754067,0.066437857,65780.75,50440323,70087,26140
6,25,-4.3,0.143754067,0.066437857,65780.75,50440323,70087,26140
4,19.4,-15.5,0.143754067,0.066437857,65780.75,50440323,70087,26140
5,23.9,-7.7,0.13487497,0.059930489,68955,50728272,68248,25395
6,28.3,0.6,0.13487497,0.059930489,68955,50728272,68248,25395
8,27.2,-4.9,0.13487497,0.059930489,68955,50728272,68248,25395
8,27.8,-7.7,0.13487497,0.059930489,68955,50728272,68248,25395
6,21.1,-15.5,0.13487497,0.059930489,68955,50728272,68248,25395
6,22.8,-14.3,0.13487497,0.059930489,68955,50728272,68248,25395
8,23.9,-3.2,0.13487497,0.059930489,68955,50728272,68248,25395
6,25.6,3.3,0.13487497,0.059930489,68955,50728272,68248,25395
5,25.6,-7.7,0.13487497,0.059930489,68955,50728272,68248,25395
10,28.3,-6,0.13487497,0.059930489,68955,50728272,68248,25395
6,25,-1.6,0.13487497,0.059930489,68955,50728272,68248,25395
8,27.2,0.6,0.13487497,0.059930489,68955,50728272,68248,25395
8,26.7,-2.7,0.13487497,0.059930489,68955,50728272,68248,25395
10,25.6,-10.5,0.13487497,0.059930489,68955,50728272,68248,25395
15,27.2,-4.3,0.13487497,0.059930489,68955,50728272,68248,25395
31,32.2,-2.7,0.13487497,0.059930489,68955,50728272,68248,25395
26,31.1,4.4,0.13487497,0.059930489,68955,50728272,68248,25395
19,31.1,1.1,0.13487497,0.059930489,68955,50728272,68248,25395
32,33.3,5.6,0.13487497,0.059930489,68955,50728272,68248,25395
160,38.3,10,0.13487497,0.059930489,68955,50728272,68248,25395
110,37.8,11.7,0.13487497,0.059930489,68955,50728272,68248,25395
133,38.3,16.1,0.13487497,0.059930489,68955,50728272,68248,25395
214,37.8,15,0.13487497,0.059930489,68955,50728272,68248,25395
208,36.7,12.8,0.13487497,0.059930489,68955,50728272,68248,25395
119,35.6,13.3,0.13487497,0.059930489,68955,50728272,68248,25395
265,37.8,15,0.13487497,0.059930489,68955,50728272,68248,25395
358,38.3,17.2,0.13487497,0.059930489,68955,50728272,68248,25395
234,37.8,16.7,0.13487497,0.059930489,68955,50728272,68248,25395
195,35,17.2,0.13487497,0.059930489,68955,50728272,68248,25395
185,36.1,13.9,0.13487497,0.059930489,68955,50728272,68248,25395
389,37.2,21.1,0.13487497,0.059930489,68955,50728272,68248,25395
353,37.2,19.4,0.13487497,0.059930489,68955,50728272,68248,25395
346,38.3,18.3,0.13487497,0.059930489,68955,50728272,68248,25395
288,36.1,16.1,0.13487497,0.059930489,68955,50728272,68248,25395
201,36.1,16.1,0.13487497,0.059930489,68955,50728272,68248,25395
20,30,-2.7,0.13487497,0.059930489,68955,50728272,68248,25395
88,34.4,8.9,0.13487497,0.059930489,68955,50728272,68248,25395
155,37.2,10.6,0.13487497,0.059930489,68955,50728272,68248,25395
315,38.9,13.3,0.13487497,0.059930489,68955,50728272,68248,25395
209,37.8,11.1,0.13487497,0.059930489,68955,50728272,68248,25395
84,33.9,7.2,0.13487497,0.059930489,68955,50728272,68248,25395
68,32.2,8.3,0.13487497,0.059930489,68955,50728272,68248,25395
72,31.1,6.7,0.13487497,0.059930489,68955,50728272,68248,25395
36,31.7,3.3,0.13487497,0.059930489,68955,50728272,68248,25395
26,28.3,2.2,0.13487497,0.059930489,68955,50728272,68248,25395
39,30.6,10,0.13487497,0.059930489,68955,50728272,68248,25395
15,27.8,-4.3,0.13487497,0.059930489,68955,50728272,68248,25395
16,26.7,-1.6,0.13487497,0.059930489,68955,50728272,68248,25395
9,24.4,-0.5,0.13487497,0.059930489,68955,50728272,68248,25395
18,30,-0.5,0.13487497,0.059930489,68955,50728272,68248,25395
13,26.7,-10.5,0.13487497,0.059930489,68955,50728272,68248,25395
16,25.6,-2.1,0.13487497,0.059930489,68955,50728272,68248,25395
7,21.7,-9.3,0.127143061,0.061154306,71354.25,50970442,67013,26627
11,27.8,-4.3,0.127143061,0.061154306,71354.25,50970442,67013,26627
7,26.1,-1.6,0.127143061,0.061154306,71354.25,50970442,67013,26627
10,26.7,-0.5,0.127143061,0.061154306,71354.25,50970442,67013,26627
43,32.2,1.1,0.127143061,0.061154306,71354.25,50970442,67013,26627
28,31.1,1.7,0.127143061,0.061154306,71354.25,50970442,67013,26627
14,29.4,1.7,0.127143061,0.061154306,71354.25,50970442,67013,26627
10,25.6,-1.6,0.127143061,0.061154306,71354.25,50970442,67013,26627
8,23.9,-3.8,0.127143061,0.061154306,71354.25,50970442,67013,26627
12,25,-7.1,0.127143061,0.061154306,71354.25,50970442,67013,26627
12,30,-8.2,0.127143061,0.061154306,71354.25,50970442,67013,26627
7,26.7,-3.2,0.127143061,0.061154306,71354.25,50970442,67013,26627
7,17.8,-1.6,0.127143061,0.061154306,71354.25,50970442,67013,26627
43,32.2,3.3,0.127143061,0.061154306,71354.25,50970442,67013,26627
41,28.9,3.3,0.127143061,0.061154306,71354.25,50970442,67013,26627
50,30.6,1.7,0.127143061,0.061154306,71354.25,50970442,67013,26627
37,29.4,-1,0.127143061,0.061154306,71354.25,50970442,67013,26627
48,32.2,1.1,0.127143061,0.061154306,71354.25,50970442,67013,26627
213,35,16.1,0.127143061,0.061154306,71354.25,50970442,67013,26627
114,34.4,13.3,0.127143061,0.061154306,71354.25,50970442,67013,26627
205,35,14.4,0.127143061,0.061154306,71354.25,50970442,67013,26627
157,34.4,10,0.127143061,0.061154306,71354.25,50970442,67013,26627
122,33.3,16.1,0.127143061,0.061154306,71354.25,50970442,67013,26627
87,34.4,10.6,0.127143061,0.061154306,71354.25,50970442,67013,26627
43,31.7,2.2,0.127143061,0.061154306,71354.25,50970442,67013,26627
48,33.3,-1,0.127143061,0.061154306,71354.25,50970442,67013,26627
47,32.2,1.1,0.127143061,0.061154306,71354.25,50970442,67013,26627
54,32.2,6.7,0.127143061,0.061154306,71354.25,50970442,67013,26627
42,31.7,4.4,0.127143061,0.061154306,71354.25,50970442,67013,26627
49,32.2,8.9,0.127143061,0.061154306,71354.25,50970442,67013,26627
75,34.4,7.8,0.127143061,0.061154306,71354.25,50970442,67013,26627
126,35,13.9,0.127143061,0.061154306,71354.25,50970442,67013,26627
254,37.2,14.4,0.127143061,0.061154306,71354.25,50970442,67013,26627
225,36.1,18.9,0.127143061,0.061154306,71354.25,50970442,67013,26627
143,35,16.1,0.127143061,0.061154306,71354.25,50970442,67013,26627
266,36.7,18.3,0.127143061,0.061154306,71354.25,50970442,67013,26627
232,36.1,17.2,0.127143061,0.061154306,71354.25,50970442,67013,26627
293,36.1,21.1,0.127143061,0.061154306,71354.25,50970442,67013,26627
340,37.2,20,0.127143061,0.061154306,71354.25,50970442,67013,26627
363,37.2,17.8,0.127143061,0.061154306,71354.25,50970442,67013,26627
266,36.7,19.4,0.127143061,0.061154306,71354.25,50970442,67013,26627
264,37.2,18.9,0.127143061,0.061154306,71354.25,50970442,67013,26627
22,22.8,-12.7,0.127143061,0.061154306,71354.25,50970442,67013,26627
25,25,-4.9,0.127143061,0.061154306,71354.25,50970442,67013,26627
27,23.9,-3.8,0.127143061,0.061154306,71354.25,50970442,67013,26627
28,25,-6.6,0.127143061,0.061154306,71354.25,50970442,67013,26627
28,28.3,0,0.127143061,0.061154306,71354.25,50970442,67013,26627
37,29.4,-1.6,0.127143061,0.061154306,71354.25,50970442,67013,26627
37,30,3.9,0.127143061,0.061154306,71354.25,50970442,67013,26627
35,27.8,-2.1,0.127143061,0.061154306,71354.25,50970442,67013,26627
43,30.6,2.8,0.127143061,0.061154306,71354.25,50970442,67013,26627
42,30.6,7.2,0.127143061,0.061154306,71354.25,50970442,67013,26627
25,20,-3.2,0.123822999,0.064024887,75925.25,51047292,49612,15618
19,25.6,-3.8,0.123822999,0.064024887,75925.25,51047292,49612,15618
23,23.9,-4.9,0.123822999,0.064024887,75925.25,51047292,49612,15618
25,26.7,-7.1,0.123822999,0.064024887,75925.25,51047292,49612,15618
25,21.1,-6.6,0.123822999,0.064024887,75925.25,51047292,49612,15618
26,17.2,-6.6,0.123822999,0.064024887,75925.25,51047292,49612,15618
70,32.8,6.1,0.123822999,0.064024887,75925.25,51047292,49612,15618
64,31.1,5.6,0.123822999,0.064024887,75925.25,51047292,49612,15618
30,28.3,-1,0.123822999,0.064024887,75925.25,51047292,49612,15618
35,31.1,2.2,0.123822999,0.064024887,75925.25,51047292,49612,15618
51,28.3,2.8,0.123822999,0.064024887,75925.25,51047292,49612,15618
36,30,-3.2,0.123822999,0.064024887,75925.25,51047292,49612,15618
37,32.2,2.8,0.123822999,0.064024887,75925.25,51047292,49612,15618
35,29.4,1.7,0.123822999,0.064024887,75925.25,51047292,49612,15618
29,30.6,-2.1,0.123822999,0.064024887,75925.25,51047292,49612,15618
27,30,-4.3,0.123822999,0.064024887,75925.25,51047292,49612,15618
28,30,-6.6,0.123822999,0.064024887,75925.25,51047292,49612,15618
23,20.6,-10.5,0.123822999,0.064024887,75925.25,51047292,49612,15618
22,23.3,-7.7,0.123822999,0.064024887,75925.25,51047292,49612,15618
47,30.6,5.6,0.123822999,0.064024887,75925.25,51047292,49612,15618
13,25,-3.2,0.123822999,0.064024887,75925.25,51047292,49612,15618
15,26.1,-2.1,0.123822999,0.064024887,75925.25,51047292,49612,15618
11,27.8,-2.7,0.123822999,0.064024887,75925.25,51047292,49612,15618
9,25.6,-2.7,0.123822999,0.064024887,75925.25,51047292,49612,15618
9,24.4,-5.5,0.123822999,0.064024887,75925.25,51047292,49612,15618
12,26.1,-2.7,0.123822999,0.064024887,75925.25,51047292,49612,15618
13,26.1,-0.5,0.123822999,0.064024887,75925.25,51047292,49612,15618
10,23.9,-1.6,0.123822999,0.064024887,75925.25,51047292,49612,15618
17,29.4,1.7,0.123822999,0.064024887,75925.25,51047292,49612,15618
20,30,3.9,0.123822999,0.064024887,75925.25,51047292,49612,15618
50,31.1,7.8,0.123822999,0.064024887,75925.25,51047292,49612,15618
46,30.6,15,0.123822999,0.064024887,75925.25,51047292,49612,15618
48,31.1,8.3,0.123822999,0.064024887,75925.25,51047292,49612,15618
55,32.2,8.3,0.123822999,0.064024887,75925.25,51047292,49612,15618
71,32.2,16.1,0.123822999,0.064024887,75925.25,51047292,49612,15618
85,33.3,12.2,0.123822999,0.064024887,75925.25,51047292,49612,15618
110,33.9,13.9,0.123822999,0.064024887,75925.25,51047292,49612,15618
222,35.6,19.4,0.123822999,0.064024887,75925.25,51047292,49612,15618
165,34.4,18.3,0.123822999,0.064024887,75925.25,51047292,49612,15618
254,35,19.4,0.123822999,0.064024887,75925.25,51047292,49612,15618
134,35,16.7,0.123822999,0.064024887,75925.25,51047292,49612,15618
335,36.7,18.3,0.123822999,0.064024887,75925.25,51047292,49612,15618
186,33.9,17.8,0.123822999,0.064024887,75925.25,51047292,49612,15618
188,33.9,20,0.123822999,0.064024887,75925.25,51047292,49612,15618
177,33.9,15,0.123822999,0.064024887,75925.25,51047292,49612,15618
187,33.3,12.8,0.123822999,0.064024887,75925.25,51047292,49612,15618
143,33.3,11.1,0.123822999,0.064024887,75925.25,51047292,49612,15618
206,35.6,14.4,0.123822999,0.064024887,75925.25,51047292,49612,15618
168,33.3,19.4,0.123822999,0.064024887,75925.25,51047292,49612,15618
87,32.2,9.4,0.123822999,0.064024887,75925.25,51047292,49612,15618
152,34.4,8.9,0.123822999,0.064024887,75925.25,51047292,49612,15618
63,30.6,10.6,0.123822999,0.064024887,75925.25,51047292,49612,15618
392,38.9,11.7,0.122209383,0.062661603,82736.5,51083792,69137,31698
632,38.3,16.7,0.122209383,0.062661603,82736.5,51083792,69137,31698
137,34.4,13.3,0.122209383,0.062661603,82736.5,51083792,69137,31698
201,35,12.8,0.122209383,0.062661603,82736.5,51083792,69137,31698
88,32.8,12.8,0.122209383,0.062661603,82736.5,51083792,69137,31698
156,35.6,12.2,0.122209383,0.062661603,82736.5,51083792,69137,31698
92,32.8,9.4,0.122209383,0.062661603,82736.5,51083792,69137,31698
75,33.9,11.1,0.122209383,0.062661603,82736.5,51083792,69137,31698
57,31.1,3.9,0.122209383,0.062661603,82736.5,51083792,69137,31698
42,31.1,0.6,0.122209383,0.062661603,82736.5,51083792,69137,31698
31,29.4,0,0.122209383,0.062661603,82736.5,51083792,69137,31698
28,30.6,1.1,0.122209383,0.062661603,82736.5,51083792,69137,31698
24,28.9,-3.2,0.122209383,0.062661603,82736.5,51083792,69137,31698
23,26.7,0,0.122209383,0.062661603,82736.5,51083792,69137,31698
23,28.9,-9.3,0.122209383,0.062661603,82736.5,51083792,69137,31698
26,30,-7.1,0.122209383,0.062661603,82736.5,51083792,69137,31698
26,28.9,-1,0.122209383,0.062661603,82736.5,51083792,69137,31698
28,29.4,-4.3,0.122209383,0.062661603,82736.5,51083792,69137,31698
15,25.6,-6.6,0.122209383,0.062661603,82736.5,51083792,69137,31698
13,22.2,-6.6,0.122209383,0.062661603,82736.5,51083792,69137,31698
15,26.1,-7.7,0.122209383,0.062661603,82736.5,51083792,69137,31698
7,18.3,-14.3,0.122209383,0.062661603,82736.5,51083792,69137,31698
11,22.2,-10.5,0.122209383,0.062661603,82736.5,51083792,69137,31698
13,25,-8.2,0.122209383,0.062661603,82736.5,51083792,69137,31698
15,28.3,-12.1,0.122209383,0.062661603,82736.5,51083792,69137,31698
16,27.8,7.8,0.122209383,0.062661603,82736.5,51083792,69137,31698
210,35.6,15,0.122209383,0.062661603,82736.5,51083792,69137,31698
242,35.6,17.2,0.122209383,0.062661603,82736.5,51083792,69137,31698
417,37.8,20,0.122209383,0.062661603,82736.5,51083792,69137,31698
109,33.3,15,0.122209383,0.062661603,82736.5,51083792,69137,31698
148,35.6,14.4,0.122209383,0.062661603,82736.5,51083792,69137,31698
137,35,16.7,0.122209383,0.062661603,82736.5,51083792,69137,31698
135,36.1,15.6,0.122209383,0.062661603,82736.5,51083792,69137,31698
170,34.4,15,0.122209383,0.062661603,82736.5,51083792,69137,31698
267,35.6,20,0.122209383,0.062661603,82736.5,51083792,69137,31698
309,36.7,17.8,0.122209383,0.062661603,82736.5,51083792,69137,31698
311,36.7,20,0.122209383,0.062661603,82736.5,51083792,69137,31698
6,23.9,-12.7,0.122209383,0.062661603,82736.5,51083792,69137,31698
10,16.7,-19.3,0.122209383,0.062661603,82736.5,51083792,69137,31698
7,25.6,-1,0.122209383,0.062661603,82736.5,51083792,69137,31698
12,29.4,-2.1,0.122209383,0.062661603,82736.5,51083792,69137,31698
11,26.7,-3.8,0.122209383,0.062661603,82736.5,51083792,69137,31698
10,25.6,-6,0.122209383,0.062661603,82736.5,51083792,69137,31698
16,26.1,-6,0.122209383,0.062661603,82736.5,51083792,69137,31698
18,31.1,-0.5,0.122209383,0.062661603,82736.5,51083792,69137,31698
21,29.4,10,0.122209383,0.062661603,82736.5,51083792,69137,31698
17,28.3,3.9,0.122209383,0.062661603,82736.5,51083792,69137,31698
15,30,-0.5,0.122209383,0.062661603,82736.5,51083792,69137,31698
31,30.6,1.7,0.122209383,0.062661603,82736.5,51083792,69137,31698
26,32.2,3.9,0.122209383,0.062661603,82736.5,51083792,69137,31698
30,34.4,6.1,0.122209383,0.062661603,82736.5,51083792,69137,31698
107,36.1,8.3,0.122209383,0.062661603,82736.5,51083792,69137,31698
69,33.9,11.7,0.122209383,0.062661603,82736.5,51083792,69137,31698
44,30.6,6.1,0.120613729,0.062331384,86771,51097595,75124,33971
35,29.4,5,0.120613729,0.062331384,86771,51097595,75124,33971
59,31.7,4.4,0.120613729,0.062331384,86771,51097595,75124,33971
35,30.6,1.7,0.120613729,0.062331384,86771,51097595,75124,33971
29,31.1,-6.6,0.120613729,0.062331384,86771,51097595,75124,33971
14,25,-5.5,0.120613729,0.062331384,86771,51097595,75124,33971
25,30,-1.6,0.120613729,0.062331384,86771,51097595,75124,33971
33,30,3.9,0.120613729,0.062331384,86771,51097595,75124,33971
26,30,1.1,0.120613729,0.062331384,86771,51097595,75124,33971
14,28.3,-4.9,0.120613729,0.062331384,86771,51097595,75124,33971
10,26.7,-0.5,0.120613729,0.062331384,86771,51097595,75124,33971
19,27.8,-8.2,0.120613729,0.062331384,86771,51097595,75124,33971
8,22.8,-3.8,0.120613729,0.062331384,86771,51097595,75124,33971
8,25.6,-6,0.120613729,0.062331384,86771,51097595,75124,33971
11,24.4,-3.2,0.120613729,0.062331384,86771,51097595,75124,33971
8,38.9,-19.3,0.120613729,0.062331384,86771,51097595,75124,33971
336,37.8,16.1,0.120613729,0.062331384,86771,51097595,75124,33971
460,36.7,17.2,0.120613729,0.062331384,86771,51097595,75124,33971
429,37.2,17.2,0.120613729,0.062331384,86771,51097595,75124,33971
344,35.6,16.7,0.120613729,0.062331384,86771,51097595,75124,33971
418,36.1,17.8,0.120613729,0.062331384,86771,51097595,75124,33971
423,37.2,16.7,0.120613729,0.062331384,86771,51097595,75124,33971
126,33.3,13.3,0.120613729,0.062331384,86771,51097595,75124,33971
149,34.4,10.6,0.120613729,0.062331384,86771,51097595,75124,33971
119,35,10,0.120613729,0.062331384,86771,51097595,75124,33971
97,34.4,10.6,0.120613729,0.062331384,86771,51097595,75124,33971
59,31.1,10,0.120613729,0.062331384,86771,51097595,75124,33971
94,35,10.6,0.120613729,0.062331384,86771,51097595,75124,33971
88,32.8,11.1,0.120613729,0.062331384,86771,51097595,75124,33971
29,28.9,3.9,0.120613729,0.062331384,86771,51097595,75124,33971
31,30,1.1,0.120613729,0.062331384,86771,51097595,75124,33971
455,37.2,17.8,0.120613729,0.062331384,86771,51097595,75124,33971
478,41.1,17.2,0.120613729,0.062331384,86771,51097595,75124,33971
369,38.3,15,0.120613729,0.062331384,86771,51097595,75124,33971
61,33.9,11.7,0.120613729,0.062331384,86771,51097595,75124,33971
122,35.6,10.6,0.120613729,0.062331384,86771,51097595,75124,33971
179,37.2,15,0.120613729,0.062331384,86771,51097595,75124,33971
179,40.6,13.9,0.120613729,0.062331384,86771,51097595,75124,33971
6,23.3,-1,0.120613729,0.062331384,86771,51097595,75124,33971
7,22.8,-5.5,0.120613729,0.062331384,86771,51097595,75124,33971
6,23.9,-2.7,0.120613729,0.062331384,86771,51097595,75124,33971
10,26.7,-1,0.120613729,0.062331384,86771,51097595,75124,33971
10,25.6,-6.6,0.120613729,0.062331384,86771,51097595,75124,33971
6,24.4,-1,0.120613729,0.062331384,86771,51097595,75124,33971
14,26.7,2.8,0.120613729,0.062331384,86771,51097595,75124,33971
19,28.9,3.3,0.120613729,0.062331384,86771,51097595,75124,33971
17,29.4,-3.8,0.120613729,0.062331384,86771,51097595,75124,33971
29,31.1,5.6,0.120613729,0.062331384,86771,51097595,75124,33971
18,30.6,3.9,0.120613729,0.062331384,86771,51097595,75124,33971
26,29.4,3.3,0.120613729,0.062331384,86771,51097595,75124,33971
42,33.3,6.7,0.120613729,0.062331384,86771,51097595,75124,33971
57,35,11.7,0.120613729,0.062331384,86771,51097595,75124,33971
8,25,-3.2,0.120455594,0.063729376,89433.75,51296062,79024,39158
7,23.9,-5.5,0.120455594,0.063729376,89433.75,51296062,79024,39158
103,34.4,16.1,0.120455594,0.063729376,89433.75,51296062,79024,39158
109,33.3,13.9,0.120455594,0.063729376,89433.75,51296062,79024,39158
87,36.1,16.7,0.120455594,0.063729376,89433.75,51296062,79024,39158
8,23.3,-7.1,0.120455594,0.063729376,89433.75,51296062,79024,39158
10,26.7,-5.5,0.120455594,0.063729376,89433.75,51296062,79024,39158
10,26.7,-3.8,0.120455594,0.063729376,89433.75,51296062,79024,39158
8,20,-9.3,0.120455594,0.063729376,89433.75,51296062,79024,39158
10,26.7,-6,0.120455594,0.063729376,89433.75,51296062,79024,39158
10,28.3,-1,0.120455594,0.063729376,89433.75,51296062,79024,39158
21,27.8,3.3,0.120455594,0.063729376,89433.75,51296062,79024,39158
23,30,7.8,0.120455594,0.063729376,89433.75,51296062,79024,39158
24,32.2,5.6,0.120455594,0.063729376,89433.75,51296062,79024,39158
29,32.2,4.4,0.120455594,0.063729376,89433.75,51296062,79024,39158
21,31.7,1.7,0.120455594,0.063729376,89433.75,51296062,79024,39158
30,32.2,6.7,0.120455594,0.063729376,89433.75,51296062,79024,39158
82,32.8,8.3,0.120455594,0.063729376,89433.75,51296062,79024,39158
123,37.2,12.8,0.120455594,0.063729376,89433.75,51296062,79024,39158
262,38.3,16.7,0.120455594,0.063729376,89433.75,51296062,79024,39158
140,37.2,11.7,0.120455594,0.063729376,89433.75,51296062,79024,39158
251,38.3,15,0.120455594,0.063729376,89433.75,51296062,79024,39158
305,37.2,18.3,0.120455594,0.063729376,89433.75,51296062,79024,39158
382,37.2,18.9,0.120455594,0.063729376,89433.75,51296062,79024,39158
221,34.4,17.8,0.120455594,0.063729376,89433.75,51296062,79024,39158
369,37.2,16.7,0.120455594,0.063729376,89433.75,51296062,79024,39158
432,37.8,17.8,0.120455594,0.063729376,89433.75,51296062,79024,39158
440,37.8,13.9,0.120455594,0.063729376,89433.75,51296062,79024,39158
469,38.3,17.2,0.120455594,0.063729376,89433.75,51296062,79024,39158
302,37.8,17.8,0.120455594,0.063729376,89433.75,51296062,79024,39158
248,36.7,11.1,0.120455594,0.063729376,89433.75,51296062,79024,39158
191,35,14.4,0.120455594,0.063729376,89433.75,51296062,79024,39158
166,34.4,11.1,0.120455594,0.063729376,89433.75,51296062,79024,39158
159,33.3,16.1,0.120455594,0.063729376,89433.75,51296062,79024,39158
83,32.2,8.9,0.120455594,0.063729376,89433.75,51296062,79024,39158
107,33.3,7.2,0.120455594,0.063729376,89433.75,51296062,79024,39158
77,32.2,12.8,0.120455594,0.063729376,89433.75,51296062,79024,39158
31,31.1,0.6,0.120455594,0.063729376,89433.75,51296062,79024,39158
72,32.2,8.9,0.120455594,0.063729376,89433.75,51296062,79024,39158
23,28.9,3.3,0.120455594,0.063729376,89433.75,51296062,79024,39158
23,28.3,1.1,0.120455594,0.063729376,89433.75,51296062,79024,39158
19,26.1,-2.1,0.120455594,0.063729376,89433.75,51296062,79024,39158
19,27.2,-2.1,0.120455594,0.063729376,89433.75,51296062,79024,39158
31,30.6,-0.5,0.120455594,0.063729376,89433.75,51296062,79024,39158
26,27.8,5,0.120455594,0.063729376,89433.75,51296062,79024,39158
12,27.8,-3.8,0.120455594,0.063729376,89433.75,51296062,79024,39158
7,25,-8.2,0.120455594,0.063729376,89433.75,51296062,79024,39158
11,23.9,-6.6,0.120455594,0.063729376,89433.75,51296062,79024,39158
8,24.4,0,0.120455594,0.063729376,89433.75,51296062,79024,39158
12,22.2,-2.7,0.120455594,0.063729376,89433.75,51296062,79024,39158
11,28.3,-16.6,0.120455594,0.063729376,89433.75,51296062,79024,39158
6,22.2,-16.6,0.120455594,0.063729376,89433.75,51296062,79024,39158
3,20.6,-2.7,0.143754067,0.066437857,65780.75,50440323,37503,14843
4,22.2,0,0.143754067,0.066437857,65780.75,50440323,37503,14843
2,16.7,-3.8,0.143754067,0.066437857,65780.75,50440323,37503,14843
2,18.9,-4.9,0.143754067,0.066437857,65780.75,50440323,37503,14843
4,23.9,-4.9,0.143754067,0.066437857,65780.75,50440323,37503,14843
2,22.2,-2.1,0.143754067,0.066437857,65780.75,50440323,37503,14843
3,21.1,-4.9,0.143754067,0.066437857,65780.75,50440323,37503,14843
10,25,-3.8,0.143754067,0.066437857,65780.75,50440323,37503,14843
10,29.4,4.4,0.143754067,0.066437857,65780.75,50440323,37503,14843
6,27.2,5,0.143754067,0.066437857,65780.75,50440323,37503,14843
7,28.9,6.7,0.143754067,0.066437857,65780.75,50440323,37503,14843
18,31.7,8.3,0.143754067,0.066437857,65780.75,50440323,37503,14843
81,32.8,17.8,0.143754067,0.066437857,65780.75,50440323,37503,14843
31,32.2,13.3,0.143754067,0.066437857,65780.75,50440323,37503,14843
141,36.1,17.8,0.143754067,0.066437857,65780.75,50440323,37503,14843
82,35,18.3,0.143754067,0.066437857,65780.75,50440323,37503,14843
93,36.1,22.2,0.143754067,0.066437857,65780.75,50440323,37503,14843
229,37.2,21.7,0.143754067,0.066437857,65780.75,50440323,37503,14843
209,38.3,19.4,0.143754067,0.066437857,65780.75,50440323,37503,14843
218,37.8,20.6,0.143754067,0.066437857,65780.75,50440323,37503,14843
192,37.2,21.7,0.143754067,0.066437857,65780.75,50440323,37503,14843
202,35.6,17.2,0.143754067,0.066437857,65780.75,50440323,37503,14843
462,42.2,21.1,0.143754067,0.066437857,65780.75,50440323,37503,14843
618,42.2,23.9,0.143754067,0.066437857,65780.75,50440323,37503,14843
292,37.2,22.2,0.143754067,0.066437857,65780.75,50440323,37503,14843
296,38.9,22.8,0.143754067,0.066437857,65780.75,50440323,37503,14843
462,37.8,19.4,0.143754067,0.066437857,65780.75,50440323,37503,14843
223,36.1,19.4,0.143754067,0.066437857,65780.75,50440323,37503,14843
320,36.7,21.1,0.143754067,0.066437857,65780.75,50440323,37503,14843
268,35.6,16.1,0.143754067,0.066437857,65780.75,50440323,37503,14843
355,36.1,19.4,0.143754067,0.066437857,65780.75,50440323,37503,14843
167,35,18.9,0.143754067,0.066437857,65780.75,50440323,37503,14843
147,32.8,16.7,0.143754067,0.066437857,65780.75,50440323,37503,14843
104,33.3,13.3,0.143754067,0.066437857,65780.75,50440323,37503,14843
24,29.4,10,0.143754067,0.066437857,65780.75,50440323,37503,14843
26,28.9,6.7,0.143754067,0.066437857,65780.75,50440323,37503,14843
14,28.9,0,0.143754067,0.066437857,65780.75,50440323,37503,14843
13,28.9,-0.5,0.143754067,0.066437857,65780.75,50440323,37503,14843
11,28.9,0.6,0.143754067,0.066437857,65780.75,50440323,37503,14843
18,29.4,5.6,0.143754067,0.066437857,65780.75,50440323,37503,14843
13,27.2,1.1,0.143754067,0.066437857,65780.75,50440323,37503,14843
8,28.9,-1,0.143754067,0.066437857,65780.75,50440323,37503,14843
3,27.2,-1.6,0.143754067,0.066437857,65780.75,50440323,37503,14843
10,27.2,-0.5,0.143754067,0.066437857,65780.75,50440323,37503,14843
5,27.8,2.2,0.143754067,0.066437857,65780.75,50440323,37503,14843
6,25.6,-6.6,0.143754067,0.066437857,65780.75,50440323,37503,14843
2,20,-7.7,0.143754067,0.066437857,65780.75,50440323,37503,14843
1,15.6,-11.6,0.143754067,0.066437857,65780.75,50440323,37503,14843
2,21.1,-6.6,0.143754067,0.066437857,65780.75,50440323,37503,14843
1,22.2,-4.3,0.143754067,0.066437857,65780.75,50440323,37503,14843
5,23.9,-3.2,0.143754067,0.066437857,65780.75,50440323,37503,14843
8,20.6,-14.3,0.143754067,0.066437857,65780.75,50440323,37503,14843
4,23.3,-3.8,0.13487497,0.059930489,68955,50728272,38691,16107
6,20,-1.6,0.13487497,0.059930489,68955,50728272,38691,16107
9,26.7,-6.6,0.13487497,0.059930489,68955,50728272,38691,16107
6,19.4,-6.6,0.13487497,0.059930489,68955,50728272,38691,16107
2,19.4,-6.6,0.13487497,0.059930489,68955,50728272,38691,16107
4,21.7,-2.7,0.13487497,0.059930489,68955,50728272,38691,16107
5,22.8,-2.7,0.13487497,0.059930489,68955,50728272,38691,16107
5,26.7,-4.9,0.13487497,0.059930489,68955,50728272,38691,16107
3,26.1,-5.5,0.13487497,0.059930489,68955,50728272,38691,16107
2,22.8,-1,0.13487497,0.059930489,68955,50728272,38691,16107
2,25,-1.6,0.13487497,0.059930489,68955,50728272,38691,16107
4,26.1,-2.7,0.13487497,0.059930489,68955,50728272,38691,16107
4,23.3,-7.1,0.13487497,0.059930489,68955,50728272,38691,16107
9,26.1,-0.5,0.13487497,0.059930489,68955,50728272,38691,16107
8,23.3,-1.6,0.13487497,0.059930489,68955,50728272,38691,16107
11,31.7,5.6,0.13487497,0.059930489,68955,50728272,38691,16107
18,27.8,4.4,0.13487497,0.059930489,68955,50728272,38691,16107
42,33.9,2.2,0.13487497,0.059930489,68955,50728272,38691,16107
149,36.7,17.2,0.13487497,0.059930489,68955,50728272,38691,16107
163,34.4,20,0.13487497,0.059930489,68955,50728272,38691,16107
148,37.2,21.1,0.13487497,0.059930489,68955,50728272,38691,16107
212,38.9,20,0.13487497,0.059930489,68955,50728272,38691,16107
340,38.3,20.6,0.13487497,0.059930489,68955,50728272,38691,16107
290,36.7,20,0.13487497,0.059930489,68955,50728272,38691,16107
408,37.8,21.1,0.13487497,0.059930489,68955,50728272,38691,16107
552,38.9,21.7,0.13487497,0.059930489,68955,50728272,38691,16107
466,36.7,22.2,0.13487497,0.059930489,68955,50728272,38691,16107
352,35.6,21.1,0.13487497,0.059930489,68955,50728272,38691,16107
237,36.1,18.3,0.13487497,0.059930489,68955,50728272,38691,16107
470,36.1,21.7,0.13487497,0.059930489,68955,50728272,38691,16107
491,35,20,0.13487497,0.059930489,68955,50728272,38691,16107
299,34.4,21.1,0.13487497,0.059930489,68955,50728272,38691,16107
299,34.4,18.9,0.13487497,0.059930489,68955,50728272,38691,16107
325,35,18.9,0.13487497,0.059930489,68955,50728272,38691,16107
3,22.2,-3.2,0.13487497,0.059930489,68955,50728272,38691,16107
142,34.4,13.9,0.13487497,0.059930489,68955,50728272,38691,16107
194,33.9,19.4,0.13487497,0.059930489,68955,50728272,38691,16107
140,32.8,15.6,0.13487497,0.059930489,68955,50728272,38691,16107
123,33.3,13.3,0.13487497,0.059930489,68955,50728272,38691,16107
69,31.1,10,0.13487497,0.059930489,68955,50728272,38691,16107
44,30.6,10.6,0.13487497,0.059930489,68955,50728272,38691,16107
27,30,12.2,0.13487497,0.059930489,68955,50728272,38691,16107
36,29.4,8.9,0.13487497,0.059930489,68955,50728272,38691,16107
11,27.2,5,0.13487497,0.059930489,68955,50728272,38691,16107
41,32.2,3.3,0.13487497,0.059930489,68955,50728272,38691,16107
7,23.9,-0.5,0.13487497,0.059930489,68955,50728272,38691,16107
13,25,4.4,0.13487497,0.059930489,68955,50728272,38691,16107
3,25.6,1.1,0.13487497,0.059930489,68955,50728272,38691,16107
7,25,-1,0.13487497,0.059930489,68955,50728272,38691,16107
4,26.7,-9.3,0.13487497,0.059930489,68955,50728272,38691,16107
7,19.4,-1.6,0.13487497,0.059930489,68955,50728272,38691,16107
5,24.4,-1.6,0.13487497,0.059930489,68955,50728272,38691,16107
3,23.3,-6,0.127143061,0.061154306,71354.25,50970442,40033,18141
2,16.7,-3.8,0.127143061,0.061154306,71354.25,50970442,40033,18141
10,25.6,-0.5,0.127143061,0.061154306,71354.25,50970442,40033,18141
1,17.8,-5.5,0.127143061,0.061154306,71354.25,50970442,40033,18141
6,25,0,0.127143061,0.061154306,71354.25,50970442,40033,18141
10,26.1,1.1,0.127143061,0.061154306,71354.25,50970442,40033,18141
11,27.2,2.8,0.127143061,0.061154306,71354.25,50970442,40033,18141
8,26.7,1.1,0.127143061,0.061154306,71354.25,50970442,40033,18141
5,21.7,2.2,0.127143061,0.061154306,71354.25,50970442,40033,18141
27,31.1,8.9,0.127143061,0.061154306,71354.25,50970442,40033,18141
7,25,5.6,0.127143061,0.061154306,71354.25,50970442,40033,18141
52,32.2,8.3,0.127143061,0.061154306,71354.25,50970442,40033,18141
41,28.9,10,0.127143061,0.061154306,71354.25,50970442,40033,18141
7,27.2,1.1,0.127143061,0.061154306,71354.25,50970442,40033,18141
40,33.9,6.7,0.127143061,0.061154306,71354.25,50970442,40033,18141
156,33.3,18.3,0.127143061,0.061154306,71354.25,50970442,40033,18141
194,35,18.3,0.127143061,0.061154306,71354.25,50970442,40033,18141
282,35.6,13.3,0.127143061,0.061154306,71354.25,50970442,40033,18141
265,35.6,15.6,0.127143061,0.061154306,71354.25,50970442,40033,18141
91,31.7,13.3,0.127143061,0.061154306,71354.25,50970442,40033,18141
141,32.2,11.1,0.127143061,0.061154306,71354.25,50970442,40033,18141
54,30.6,8.3,0.127143061,0.061154306,71354.25,50970442,40033,18141
74,32.2,6.1,0.127143061,0.061154306,71354.25,50970442,40033,18141
44,32.2,5.6,0.127143061,0.061154306,71354.25,50970442,40033,18141
38,30.6,8.3,0.127143061,0.061154306,71354.25,50970442,40033,18141
28,31.7,6.7,0.127143061,0.061154306,71354.25,50970442,40033,18141
30,30,12.2,0.127143061,0.061154306,71354.25,50970442,40033,18141
94,33.3,13.9,0.127143061,0.061154306,71354.25,50970442,40033,18141
140,34.4,18.3,0.127143061,0.061154306,71354.25,50970442,40033,18141
314,35,20.6,0.127143061,0.061154306,71354.25,50970442,40033,18141
327,36.1,20,0.127143061,0.061154306,71354.25,50970442,40033,18141
264,37.2,17.8,0.127143061,0.061154306,71354.25,50970442,40033,18141
427,37.8,20,0.127143061,0.061154306,71354.25,50970442,40033,18141
256,35,16.1,0.127143061,0.061154306,71354.25,50970442,40033,18141
217,35,18.3,0.127143061,0.061154306,71354.25,50970442,40033,18141
303,36.7,23.3,0.127143061,0.061154306,71354.25,50970442,40033,18141
518,36.7,21.1,0.127143061,0.061154306,71354.25,50970442,40033,18141
411,36.7,22.2,0.127143061,0.061154306,71354.25,50970442,40033,18141
296,37.2,20.6,0.127143061,0.061154306,71354.25,50970442,40033,18141
2,17.8,-4.3,0.127143061,0.061154306,71354.25,50970442,40033,18141
4,23.3,-1,0.127143061,0.061154306,71354.25,50970442,40033,18141
5,23.9,-2.1,0.127143061,0.061154306,71354.25,50970442,40033,18141
2,19.4,-2.1,0.127143061,0.061154306,71354.25,50970442,40033,18141
32,33.3,7.2,0.127143061,0.061154306,71354.25,50970442,40033,18141
9,29.4,2.8,0.127143061,0.061154306,71354.25,50970442,40033,18141
13,31.1,3.3,0.127143061,0.061154306,71354.25,50970442,40033,18141
7,25.6,2.2,0.127143061,0.061154306,71354.25,50970442,40033,18141
5,24.4,-4.9,0.127143061,0.061154306,71354.25,50970442,40033,18141
6,24.4,-4.9,0.127143061,0.061154306,71354.25,50970442,40033,18141
3,22.2,-4.3,0.127143061,0.061154306,71354.25,50970442,40033,18141
5,27.2,-4.3,0.127143061,0.061154306,71354.25,50970442,40033,18141
7,17.8,-1,0.127143061,0.061154306,71354.25,50970442,40033,18141
37,30,11.1,0.123822999,0.064024887,75925.25,51047292,27006,8345
6,26.1,-1.6,0.123822999,0.064024887,75925.25,51047292,27006,8345
8,27.2,-3.2,0.123822999,0.064024887,75925.25,51047292,27006,8345
9,28.9,-1,0.123822999,0.064024887,75925.25,51047292,27006,8345
8,27.2,1.7,0.123822999,0.064024887,75925.25,51047292,27006,8345
6,25,-1.6,0.123822999,0.064024887,75925.25,51047292,27006,8345
10,27.8,-2.1,0.123822999,0.064024887,75925.25,51047292,27006,8345
10,25,0,0.123822999,0.064024887,75925.25,51047292,27006,8345
6,26.1,1.1,0.123822999,0.064024887,75925.25,51047292,27006,8345
20,32.8,5.6,0.123822999,0.064024887,75925.25,51047292,27006,8345
29,32.2,6.7,0.123822999,0.064024887,75925.25,51047292,27006,8345
36,33.3,7.8,0.123822999,0.064024887,75925.25,51047292,27006,8345
39,35,12.2,0.123822999,0.064024887,75925.25,51047292,27006,8345
46,35,13.9,0.123822999,0.064024887,75925.25,51047292,27006,8345
90,36.7,8.3,0.123822999,0.064024887,75925.25,51047292,27006,8345
83,34.4,16.1,0.123822999,0.064024887,75925.25,51047292,27006,8345
144,36.1,15,0.123822999,0.064024887,75925.25,51047292,27006,8345
319,38.3,21.1,0.123822999,0.064024887,75925.25,51047292,27006,8345
272,37.8,22.8,0.123822999,0.064024887,75925.25,51047292,27006,8345
189,35.6,21.1,0.123822999,0.064024887,75925.25,51047292,27006,8345
270,37.2,23.3,0.123822999,0.064024887,75925.25,51047292,27006,8345
171,36.7,20,0.123822999,0.064024887,75925.25,51047292,27006,8345
459,37.8,23.3,0.123822999,0.064024887,75925.25,51047292,27006,8345
219,35.6,19.4,0.123822999,0.064024887,75925.25,51047292,27006,8345
228,34.4,19.4,0.123822999,0.064024887,75925.25,51047292,27006,8345
204,35.6,18.9,0.123822999,0.064024887,75925.25,51047292,27006,8345
251,34.4,17.2,0.123822999,0.064024887,75925.25,51047292,27006,8345
338,35,14.4,0.123822999,0.064024887,75925.25,51047292,27006,8345
568,36.7,20,0.123822999,0.064024887,75925.25,51047292,27006,8345
315,36.7,19.4,0.123822999,0.064024887,75925.25,51047292,27006,8345
51,30,11.1,0.123822999,0.064024887,75925.25,51047292,27006,8345
79,31.7,12.8,0.123822999,0.064024887,75925.25,51047292,27006,8345
35,29.4,15.6,0.123822999,0.064024887,75925.25,51047292,27006,8345
3,21.7,-3.8,0.123822999,0.064024887,75925.25,51047292,27006,8345
6,22.8,-1.6,0.123822999,0.064024887,75925.25,51047292,27006,8345
7,23.9,-4.9,0.123822999,0.064024887,75925.25,51047292,27006,8345
6,23.3,-1,0.123822999,0.064024887,75925.25,51047292,27006,8345
5,20,-3.2,0.123822999,0.064024887,75925.25,51047292,27006,8345
7,17.8,-4.9,0.123822999,0.064024887,75925.25,51047292,27006,8345
60,32.8,7.2,0.123822999,0.064024887,75925.25,51047292,27006,8345
39,31.1,7.8,0.123822999,0.064024887,75925.25,51047292,27006,8345
19,26.7,-0.5,0.123822999,0.064024887,75925.25,51047292,27006,8345
31,31.7,5,0.123822999,0.064024887,75925.25,51047292,27006,8345
37,28.9,5.6,0.123822999,0.064024887,75925.25,51047292,27006,8345
13,26.7,0,0.123822999,0.064024887,75925.25,51047292,27006,8345
22,27.8,3.3,0.123822999,0.064024887,75925.25,51047292,27006,8345
11,29.4,2.8,0.123822999,0.064024887,75925.25,51047292,27006,8345
9,28.3,1.7,0.123822999,0.064024887,75925.25,51047292,27006,8345
8,25.6,-1,0.123822999,0.064024887,75925.25,51047292,27006,8345
7,26.1,-1,0.123822999,0.064024887,75925.25,51047292,27006,8345
13,8.3,-22.1,0.123822999,0.064024887,75925.25,51047292,27006,8345
6,18.9,-7.1,0.123822999,0.064024887,75925.25,51047292,27006,8345
634,39.4,17.2,0.122209383,0.062661603,82736.5,51083792,40578,15373
612,37.8,23.3,0.122209383,0.062661603,82736.5,51083792,40578,15373
392,34.4,17.8,0.122209383,0.062661603,82736.5,51083792,40578,15373
204,34.4,15.6,0.122209383,0.062661603,82736.5,51083792,40578,15373
115,31.7,11.1,0.122209383,0.062661603,82736.5,51083792,40578,15373
236,34.4,16.1,0.122209383,0.062661603,82736.5,51083792,40578,15373
240,33.9,16.7,0.122209383,0.062661603,82736.5,51083792,40578,15373
99,31.7,11.1,0.122209383,0.062661603,82736.5,51083792,40578,15373
45,30.6,8.3,0.122209383,0.062661603,82736.5,51083792,40578,15373
41,30,5.6,0.122209383,0.062661603,82736.5,51083792,40578,15373
38,30.6,3.3,0.122209383,0.062661603,82736.5,51083792,40578,15373
31,31.1,1.1,0.122209383,0.062661603,82736.5,51083792,40578,15373
31,28.9,0,0.122209383,0.062661603,82736.5,51083792,40578,15373
23,27.8,2.2,0.122209383,0.062661603,82736.5,51083792,40578,15373
11,26.7,-1,0.122209383,0.062661603,82736.5,51083792,40578,15373
5,30.6,-6.6,0.122209383,0.062661603,82736.5,51083792,40578,15373
10,28.3,-3.2,0.122209383,0.062661603,82736.5,51083792,40578,15373
11,27.8,-6.6,0.122209383,0.062661603,82736.5,51083792,40578,15373
7,25.6,-6.6,0.122209383,0.062661603,82736.5,51083792,40578,15373
4,23.9,-4.3,0.122209383,0.062661603,82736.5,51083792,40578,15373
5,22.8,-8.2,0.122209383,0.062661603,82736.5,51083792,40578,15373
2,18.9,-6.6,0.122209383,0.062661603,82736.5,51083792,40578,15373
4,24.4,-8.8,0.122209383,0.062661603,82736.5,51083792,40578,15373
4,23.3,-4.9,0.122209383,0.062661603,82736.5,51083792,40578,15373
5,20.6,-7.1,0.122209383,0.062661603,82736.5,51083792,40578,15373
7,28.3,-4.3,0.122209383,0.062661603,82736.5,51083792,40578,15373
648,40.6,22.2,0.122209383,0.062661603,82736.5,51083792,40578,15373
652,41.1,23.9,0.122209383,0.062661603,82736.5,51083792,40578,15373
351,40.6,16.7,0.122209383,0.062661603,82736.5,51083792,40578,15373
128,35,18.3,0.122209383,0.062661603,82736.5,51083792,40578,15373
160,36.7,20.6,0.122209383,0.062661603,82736.5,51083792,40578,15373
129,35.6,20.6,0.122209383,0.062661603,82736.5,51083792,40578,15373
281,40,19.4,0.122209383,0.062661603,82736.5,51083792,40578,15373
307,37.8,20.6,0.122209383,0.062661603,82736.5,51083792,40578,15373
433,38.3,23.3,0.122209383,0.062661603,82736.5,51083792,40578,15373
496,41.1,22.8,0.122209383,0.062661603,82736.5,51083792,40578,15373
684,42.2,21.7,0.122209383,0.062661603,82736.5,51083792,40578,15373
6,27.2,-8.8,0.122209383,0.062661603,82736.5,51083792,40578,15373
8,13.3,-16,0.122209383,0.062661603,82736.5,51083792,40578,15373
3,21.7,-2.1,0.122209383,0.062661603,82736.5,51083792,40578,15373
10,28.9,1.7,0.122209383,0.062661603,82736.5,51083792,40578,15373
5,27.2,-0.5,0.122209383,0.062661603,82736.5,51083792,40578,15373
8,20.6,-5.6,0.122209383,0.062661603,82736.5,51083792,40578,15373
7,16.1,-4.9,0.122209383,0.062661603,82736.5,51083792,40578,15373
9,30,-1,0.122209383,0.062661603,82736.5,51083792,40578,15373
7,30,8.3,0.122209383,0.062661603,82736.5,51083792,40578,15373
11,30.6,5,0.122209383,0.062661603,82736.5,51083792,40578,15373
19,30.6,-1,0.122209383,0.062661603,82736.5,51083792,40578,15373
31,33.9,6.1,0.122209383,0.062661603,82736.5,51083792,40578,15373
20,32.8,10,0.122209383,0.062661603,82736.5,51083792,40578,15373
45,36.7,8.3,0.122209383,0.062661603,82736.5,51083792,40578,15373
176,38.9,17.2,0.122209383,0.062661603,82736.5,51083792,40578,15373
84,35.6,11.7,0.122209383,0.062661603,82736.5,51083792,40578,15373
29,28.9,5,0.120613729,0.062331384,86771,51097595,41645,17912
32,32.2,8.9,0.120613729,0.062331384,86771,51097595,41645,17912
31,31.1,4.4,0.120613729,0.062331384,86771,51097595,41645,17912
21,30,3.9,0.120613729,0.062331384,86771,51097595,41645,17912
25,29.4,-3.8,0.120613729,0.062331384,86771,51097595,41645,17912
8,22.2,0,0.120613729,0.062331384,86771,51097595,41645,17912
24,27.8,4.4,0.120613729,0.062331384,86771,51097595,41645,17912
22,31.1,2.8,0.120613729,0.062331384,86771,51097595,41645,17912
21,31.1,1.1,0.120613729,0.062331384,86771,51097595,41645,17912
8,25.6,-2.7,0.120613729,0.062331384,86771,51097595,41645,17912
5,27.8,0,0.120613729,0.062331384,86771,51097595,41645,17912
4,21.7,-3.2,0.120613729,0.062331384,86771,51097595,41645,17912
4,18.9,-2.7,0.120613729,0.062331384,86771,51097595,41645,17912
11,27.2,-0.5,0.120613729,0.062331384,86771,51097595,41645,17912
7,26.7,-3.8,0.120613729,0.062331384,86771,51097595,41645,17912
6,42.2,-16,0.120613729,0.062331384,86771,51097595,41645,17912
976,41.7,24.4,0.120613729,0.062331384,86771,51097595,41645,17912
648,38.9,20,0.120613729,0.062331384,86771,51097595,41645,17912
853,38.3,21.1,0.120613729,0.062331384,86771,51097595,41645,17912
785,36.1,21.1,0.120613729,0.062331384,86771,51097595,41645,17912
516,36.1,21.7,0.120613729,0.062331384,86771,51097595,41645,17912
1033,38.9,20.6,0.120613729,0.062331384,86771,51097595,41645,17912
894,36.7,18.9,0.120613729,0.062331384,86771,51097595,41645,17912
563,36.1,17.8,0.120613729,0.062331384,86771,51097595,41645,17912
193,35,17.8,0.120613729,0.062331384,86771,51097595,41645,17912
153,35,14.4,0.120613729,0.062331384,86771,51097595,41645,17912
89,31.7,13.3,0.120613729,0.062331384,86771,51097595,41645,17912
98,32.8,15.6,0.120613729,0.062331384,86771,51097595,41645,17912
84,32.8,18.9,0.120613729,0.062331384,86771,51097595,41645,17912
89,33.3,6.1,0.120613729,0.062331384,86771,51097595,41645,17912
21,26.1,5,0.120613729,0.062331384,86771,51097595,41645,17912
849,40.6,20.6,0.120613729,0.062331384,86771,51097595,41645,17912
844,43.3,23.9,0.120613729,0.062331384,86771,51097595,41645,17912
675,42.8,17.2,0.120613729,0.062331384,86771,51097595,41645,17912
170,38.3,15.6,0.120613729,0.062331384,86771,51097595,41645,17912
121,34.4,15.6,0.120613729,0.062331384,86771,51097595,41645,17912
515,42.2,18.9,0.120613729,0.062331384,86771,51097595,41645,17912
339,41.1,18.3,0.120613729,0.062331384,86771,51097595,41645,17912
7,18.9,-3.2,0.120613729,0.062331384,86771,51097595,41645,17912
7,21.1,-2.7,0.120613729,0.062331384,86771,51097595,41645,17912
5,21.7,-2.7,0.120613729,0.062331384,86771,51097595,41645,17912
6,27.2,-1,0.120613729,0.062331384,86771,51097595,41645,17912
3,23.3,-2.1,0.120613729,0.062331384,86771,51097595,41645,17912
6,22.8,-0.5,0.120613729,0.062331384,86771,51097595,41645,17912
8,23.9,4.4,0.120613729,0.062331384,86771,51097595,41645,17912
8,30,6.1,0.120613729,0.062331384,86771,51097595,41645,17912
11,29.4,-3.8,0.120613729,0.062331384,86771,51097595,41645,17912
22,31.7,11.1,0.120613729,0.062331384,86771,51097595,41645,17912
27,32.8,4.4,0.120613729,0.062331384,86771,51097595,41645,17912
22,31.1,6.7,0.120613729,0.062331384,86771,51097595,41645,17912
59,35,7.2,0.120613729,0.062331384,86771,51097595,41645,17912
159,36.1,17.2,0.120613729,0.062331384,86771,51097595,41645,17912
4,23.3,-9.3,0.120455594,0.063729376,89433.75,51296062,44337,19689
8,20.6,-2.7,0.120455594,0.063729376,89433.75,51296062,44337,19689
221,38.3,20,0.120455594,0.063729376,89433.75,51296062,44337,19689
93,35,12.2,0.120455594,0.063729376,89433.75,51296062,44337,19689
104,35,14.4,0.120455594,0.063729376,89433.75,51296062,44337,19689
6,22.8,-1.7,0.120455594,0.063729376,89433.75,51296062,44337,19689
9,26.7,-2.7,0.120455594,0.063729376,89433.75,51296062,44337,19689
8,24.4,-1.6,0.120455594,0.063729376,89433.75,51296062,44337,19689
7,18.3,-3.8,0.120455594,0.063729376,89433.75,51296062,44337,19689
5,26.7,-2.7,0.120455594,0.063729376,89433.75,51296062,44337,19689
11,28.3,1.7,0.120455594,0.063729376,89433.75,51296062,44337,19689
14,27.8,2.8,0.120455594,0.063729376,89433.75,51296062,44337,19689
14,31.7,8.9,0.120455594,0.063729376,89433.75,51296062,44337,19689
28,32.8,9.4,0.120455594,0.063729376,89433.75,51296062,44337,19689
42,33.9,7.8,0.120455594,0.063729376,89433.75,51296062,44337,19689
34,36.7,2.8,0.120455594,0.063729376,89433.75,51296062,44337,19689
66,35,10.6,0.120455594,0.063729376,89433.75,51296062,44337,19689
117,33.9,11.1,0.120455594,0.063729376,89433.75,51296062,44337,19689
84,36.1,15,0.120455594,0.063729376,89433.75,51296062,44337,19689
252,38.9,22.8,0.120455594,0.063729376,89433.75,51296062,44337,19689
625,40.6,18.3,0.120455594,0.063729376,89433.75,51296062,44337,19689
604,38.9,19.4,0.120455594,0.063729376,89433.75,51296062,44337,19689
584,40,22.2,0.120455594,0.063729376,89433.75,51296062,44337,19689
519,38.3,21.7,0.120455594,0.063729376,89433.75,51296062,44337,19689
165,34.4,20,0.120455594,0.063729376,89433.75,51296062,44337,19689
400,37.8,18.9,0.120455594,0.063729376,89433.75,51296062,44337,19689
544,36.7,20,0.120455594,0.063729376,89433.75,51296062,44337,19689
699,38.9,21.1,0.120455594,0.063729376,89433.75,51296062,44337,19689
811,38.3,21.1,0.120455594,0.063729376,89433.75,51296062,44337,19689
353,36.7,22.2,0.120455594,0.063729376,89433.75,51296062,44337,19689
463,36.1,18.3,0.120455594,0.063729376,89433.75,51296062,44337,19689
424,36.1,17.2,0.120455594,0.063729376,89433.75,51296062,44337,19689
313,36.7,18.3,0.120455594,0.063729376,89433.75,51296062,44337,19689
270,33.9,18.9,0.120455594,0.063729376,89433.75,51296062,44337,19689
122,33.3,13.9,0.120455594,0.063729376,89433.75,51296062,44337,19689
137,33.3,13.3,0.120455594,0.063729376,89433.75,51296062,44337,19689
63,32.2,15.6,0.120455594,0.063729376,89433.75,51296062,44337,19689
33,31.1,2.8,0.120455594,0.063729376,89433.75,51296062,44337,19689
53,31.1,10.6,0.120455594,0.063729376,89433.75,51296062,44337,19689
25,30.6,6.1,0.120455594,0.063729376,89433.75,51296062,44337,19689
26,30.6,4.4,0.120455594,0.063729376,89433.75,51296062,44337,19689
13,27.8,0,0.120455594,0.063729376,89433.75,51296062,44337,19689
9,26.1,-0.5,0.120455594,0.063729376,89433.75,51296062,44337,19689
18,31.7,1.7,0.120455594,0.063729376,89433.75,51296062,44337,19689
19,28.9,4.4,0.120455594,0.063729376,89433.75,51296062,44337,19689
17,31.1,-0.5,0.120455594,0.063729376,89433.75,51296062,44337,19689
13,27.2,-6,0.120455594,0.063729376,89433.75,51296062,44337,19689
8,24.4,-3.8,0.120455594,0.063729376,89433.75,51296062,44337,19689
4,25,0.6,0.120455594,0.063729376,89433.75,51296062,44337,19689
5,26.1,-0.5,0.120455594,0.063729376,89433.75,51296062,44337,19689
7,20.6,-7.7,0.120455594,0.063729376,89433.75,51296062,44337,19689
5,17.8,-16,0.120455594,0.063729376,89433.75,51296062,44337,19689
0,16.1,-3.2,0.143754067,0.066437857,65780.75,50440323,13269,1956
4,16.1,-4.3,0.143754067,0.066437857,65780.75,50440323,13269,1956
24,18.9,-4.9,0.143754067,0.066437857,65780.75,50440323,13269,1956
0,17.8,-7.1,0.143754067,0.066437857,65780.75,50440323,13269,1956
11,8.3,-3.2,0.143754067,0.066437857,65780.75,50440323,13269,1956
11,15,-9.3,0.143754067,0.066437857,65780.75,50440323,13269,1956
14,28.9,7.2,0.143754067,0.066437857,65780.75,50440323,13269,1956
9,31.1,15.6,0.143754067,0.066437857,65780.75,50440323,13269,1956
5,28.9,5,0.143754067,0.066437857,65780.75,50440323,13269,1956
5,18.9,1.7,0.143754067,0.066437857,65780.75,50440323,13269,1956
14,22.2,0.6,0.143754067,0.066437857,65780.75,50440323,13269,1956
25,23.9,1.7,0.143754067,0.066437857,65780.75,50440323,13269,1956
25,14.4,-9.3,0.143754067,0.066437857,65780.75,50440323,13269,1956
10,19.4,-11,0.143754067,0.066437857,65780.75,50440323,13269,1956
9,25.6,-12.7,0.143754067,0.066437857,65780.75,50440323,13269,1956
5,20,-3.8,0.143754067,0.066437857,65780.75,50440323,13269,1956
14,20.6,-2.7,0.143754067,0.066437857,65780.75,50440323,13269,1956
5,20,-6,0.143754067,0.066437857,65780.75,50440323,13269,1956
5,23.3,-5.5,0.143754067,0.066437857,65780.75,50440323,13269,1956
0,20.6,0,0.143754067,0.066437857,65780.75,50440323,13269,1956
0,17.2,2.2,0.143754067,0.066437857,65780.75,50440323,13269,1956
0,21.1,-5.5,0.143754067,0.066437857,65780.75,50440323,13269,1956
10,30,-2.1,0.143754067,0.066437857,65780.75,50440323,13269,1956
25,26.1,-1,0.143754067,0.066437857,65780.75,50440323,13269,1956
10,23.9,6.1,0.143754067,0.066437857,65780.75,50440323,13269,1956
34,27.2,8.9,0.143754067,0.066437857,65780.75,50440323,13269,1956
111,30.6,11.1,0.143754067,0.066437857,65780.75,50440323,13269,1956
120,31.1,14.4,0.143754067,0.066437857,65780.75,50440323,13269,1956
208,32.2,16.7,0.143754067,0.066437857,65780.75,50440323,13269,1956
476,33.9,17.2,0.143754067,0.066437857,65780.75,50440323,13269,1956
353,34.4,12.8,0.143754067,0.066437857,65780.75,50440323,13269,1956
484,35.6,20.6,0.143754067,0.066437857,65780.75,50440323,13269,1956
360,34.4,17.8,0.143754067,0.066437857,65780.75,50440323,13269,1956
587,36.1,18.9,0.143754067,0.066437857,65780.75,50440323,13269,1956
552,35,20.6,0.143754067,0.066437857,65780.75,50440323,13269,1956
623,37.2,16.7,0.143754067,0.066437857,65780.75,50440323,13269,1956
360,36.1,20,0.143754067,0.066437857,65780.75,50440323,13269,1956
160,35.6,14.4,0.143754067,0.066437857,65780.75,50440323,13269,1956
102,35.6,14.4,0.143754067,0.066437857,65780.75,50440323,13269,1956
232,37.2,18.3,0.143754067,0.066437857,65780.75,50440323,13269,1956
131,33.3,19.4,0.143754067,0.066437857,65780.75,50440323,13269,1956
84,31.1,16.1,0.143754067,0.066437857,65780.75,50440323,13269,1956
195,33.3,18.9,0.143754067,0.066437857,65780.75,50440323,13269,1956
40,31.7,17.2,0.143754067,0.066437857,65780.75,50440323,13269,1956
94,31.7,12.8,0.143754067,0.066437857,65780.75,50440323,13269,1956
129,33.3,14.4,0.143754067,0.066437857,65780.75,50440323,13269,1956
37,6.1,-18.8,0.143754067,0.066437857,65780.75,50440323,13269,1956
4,18.3,-12.1,0.143754067,0.066437857,65780.75,50440323,13269,1956
4,18.3,-22.1,0.143754067,0.066437857,65780.75,50440323,13269,1956
4,22.2,-4.3,0.143754067,0.066437857,65780.75,50440323,13269,1956
0,16.7,-11.6,0.143754067,0.066437857,65780.75,50440323,13269,1956
4,15.6,-16.6,0.143754067,0.066437857,65780.75,50440323,13269,1956
9,17.8,-6,0.13487497,0.059930489,68955,50728272,13240,1749
9,18.9,-6,0.13487497,0.059930489,68955,50728272,13240,1749
5,10,-8.8,0.13487497,0.059930489,68955,50728272,13240,1749
5,10.6,-12.7,0.13487497,0.059930489,68955,50728272,13240,1749
23,16.7,-14.3,0.13487497,0.059930489,68955,50728272,13240,1749
18,21.1,-12.1,0.13487497,0.059930489,68955,50728272,13240,1749
6,16.1,-4.9,0.13487497,0.059930489,68955,50728272,13240,1749
0,12.8,-6,0.13487497,0.059930489,68955,50728272,13240,1749
9,12.8,-7.1,0.13487497,0.059930489,68955,50728272,13240,1749
6,20.6,-4.3,0.13487497,0.059930489,68955,50728272,13240,1749
7,22.8,-1,0.13487497,0.059930489,68955,50728272,13240,1749
12,23.3,2.8,0.13487497,0.059930489,68955,50728272,13240,1749
0,22.8,5,0.13487497,0.059930489,68955,50728272,13240,1749
3,20,-3.2,0.13487497,0.059930489,68955,50728272,13240,1749
3,18.3,-7.1,0.13487497,0.059930489,68955,50728272,13240,1749
9,23.9,-12.7,0.13487497,0.059930489,68955,50728272,13240,1749
3,21.1,-1.6,0.13487497,0.059930489,68955,50728272,13240,1749
0,18.9,-1.6,0.13487497,0.059930489,68955,50728272,13240,1749
142,32.2,16.1,0.13487497,0.059930489,68955,50728272,13240,1749
601,32.8,14.4,0.13487497,0.059930489,68955,50728272,13240,1749
429,31.7,18.9,0.13487497,0.059930489,68955,50728272,13240,1749
416,32.8,18.3,0.13487497,0.059930489,68955,50728272,13240,1749
792,35,20,0.13487497,0.059930489,68955,50728272,13240,1749
245,35,14.4,0.13487497,0.059930489,68955,50728272,13240,1749
222,33.3,18.3,0.13487497,0.059930489,68955,50728272,13240,1749
284,34.4,19.4,0.13487497,0.059930489,68955,50728272,13240,1749
332,35.6,18.9,0.13487497,0.059930489,68955,50728272,13240,1749
374,36.1,18.9,0.13487497,0.059930489,68955,50728272,13240,1749
94,32.2,16.7,0.13487497,0.059930489,68955,50728272,13240,1749
217,33.3,18.3,0.13487497,0.059930489,68955,50728272,13240,1749
66,35,16.7,0.13487497,0.059930489,68955,50728272,13240,1749
173,35,20,0.13487497,0.059930489,68955,50728272,13240,1749
28,32.2,14.4,0.13487497,0.059930489,68955,50728272,13240,1749
60,32.8,11.7,0.13487497,0.059930489,68955,50728272,13240,1749
0,17.8,-8.8,0.13487497,0.059930489,68955,50728272,13240,1749
28,17.8,-4.9,0.13487497,0.059930489,68955,50728272,13240,1749
5,18.9,-16,0.13487497,0.059930489,68955,50728272,13240,1749
9,15.6,-4.3,0.13487497,0.059930489,68955,50728272,13240,1749
13,20,-1,0.13487497,0.059930489,68955,50728272,13240,1749
9,23.9,-1,0.13487497,0.059930489,68955,50728272,13240,1749
5,23.9,-3.2,0.13487497,0.059930489,68955,50728272,13240,1749
22,29.4,1.1,0.13487497,0.059930489,68955,50728272,13240,1749
30,26.7,0.6,0.13487497,0.059930489,68955,50728272,13240,1749
7,28.3,8.3,0.13487497,0.059930489,68955,50728272,13240,1749
11,24.4,6.1,0.13487497,0.059930489,68955,50728272,13240,1749
8,26.7,5.6,0.13487497,0.059930489,68955,50728272,13240,1749
149,30,5.6,0.13487497,0.059930489,68955,50728272,13240,1749
49,30.6,10,0.13487497,0.059930489,68955,50728272,13240,1749
57,30,15.6,0.13487497,0.059930489,68955,50728272,13240,1749
260,31.1,17.2,0.13487497,0.059930489,68955,50728272,13240,1749
96,30,10,0.13487497,0.059930489,68955,50728272,13240,1749
4,16.7,-7.7,0.13487497,0.059930489,68955,50728272,13240,1749
0,11.7,-7.1,0.127143061,0.061154306,71354.25,50970442,14027,2606
12,17.8,-12.7,0.127143061,0.061154306,71354.25,50970442,14027,2606
0,29.4,3.9,0.127143061,0.061154306,71354.25,50970442,14027,2606
7,19.4,-2.1,0.127143061,0.061154306,71354.25,50970442,14027,2606
7,24.4,-1.6,0.127143061,0.061154306,71354.25,50970442,14027,2606
3,23.3,-2.1,0.127143061,0.061154306,71354.25,50970442,14027,2606
7,22.8,-1,0.127143061,0.061154306,71354.25,50970442,14027,2606
0,13.9,-3.8,0.127143061,0.061154306,71354.25,50970442,14027,2606
11,15.6,-8.2,0.127143061,0.061154306,71354.25,50970442,14027,2606
7,22.2,-3.2,0.127143061,0.061154306,71354.25,50970442,14027,2606
10,23.3,0.6,0.127143061,0.061154306,71354.25,50970442,14027,2606
25,30.6,-1,0.127143061,0.061154306,71354.25,50970442,14027,2606
5,20.6,-2.7,0.127143061,0.061154306,71354.25,50970442,14027,2606
30,22.2,3.9,0.127143061,0.061154306,71354.25,50970442,14027,2606
59,30,3.9,0.127143061,0.061154306,71354.25,50970442,14027,2606
13,22.2,1.7,0.127143061,0.061154306,71354.25,50970442,14027,2606
4,25.6,2.2,0.127143061,0.061154306,71354.25,50970442,14027,2606
8,28.3,10.6,0.127143061,0.061154306,71354.25,50970442,14027,2606
39,30.6,10.6,0.127143061,0.061154306,71354.25,50970442,14027,2606
583,33.3,15,0.127143061,0.061154306,71354.25,50970442,14027,2606
440,32.2,12.2,0.127143061,0.061154306,71354.25,50970442,14027,2606
305,32.2,17.2,0.127143061,0.061154306,71354.25,50970442,14027,2606
233,31.7,12.8,0.127143061,0.061154306,71354.25,50970442,14027,2606
383,34.4,20,0.127143061,0.061154306,71354.25,50970442,14027,2606
465,35.6,19.4,0.127143061,0.061154306,71354.25,50970442,14027,2606
351,34.4,17.2,0.127143061,0.061154306,71354.25,50970442,14027,2606
420,33.9,21.1,0.127143061,0.061154306,71354.25,50970442,14027,2606
198,32.2,17.2,0.127143061,0.061154306,71354.25,50970442,14027,2606
109,31.1,12.8,0.127143061,0.061154306,71354.25,50970442,14027,2606
211,35,18.3,0.127143061,0.061154306,71354.25,50970442,14027,2606
94,33.3,13.3,0.127143061,0.061154306,71354.25,50970442,14027,2606
220,35.6,16.7,0.127143061,0.061154306,71354.25,50970442,14027,2606
93,32.2,15.6,0.127143061,0.061154306,71354.25,50970442,14027,2606
56,33.3,15.6,0.127143061,0.061154306,71354.25,50970442,14027,2606
38,28.9,10,0.127143061,0.061154306,71354.25,50970442,14027,2606
25,30.6,7.8,0.127143061,0.061154306,71354.25,50970442,14027,2606
22,30,2.2,0.127143061,0.061154306,71354.25,50970442,14027,2606
24,30.6,5,0.127143061,0.061154306,71354.25,50970442,14027,2606
4,30.6,-1.6,0.127143061,0.061154306,71354.25,50970442,14027,2606
3,13.9,-3.2,0.127143061,0.061154306,71354.25,50970442,14027,2606
0,17.8,-6,0.127143061,0.061154306,71354.25,50970442,14027,2606
16,15.6,-6,0.127143061,0.061154306,71354.25,50970442,14027,2606
3,5.6,-9.9,0.127143061,0.061154306,71354.25,50970442,14027,2606
13,27.8,3.9,0.127143061,0.061154306,71354.25,50970442,14027,2606
0,13.9,-3.8,0.127143061,0.061154306,71354.25,50970442,14027,2606
9,24.4,-7.7,0.127143061,0.061154306,71354.25,50970442,14027,2606
6,15.6,-13.8,0.127143061,0.061154306,71354.25,50970442,14027,2606
12,13.9,-11.6,0.127143061,0.061154306,71354.25,50970442,14027,2606
3,17.8,-6.6,0.127143061,0.061154306,71354.25,50970442,14027,2606
3,17.2,-1.6,0.127143061,0.061154306,71354.25,50970442,14027,2606
18,24.4,2.2,0.127143061,0.061154306,71354.25,50970442,14027,2606
7,21.7,-3.2,0.127143061,0.061154306,71354.25,50970442,14027,2606
13,22.2,3.9,0.123822999,0.064024887,75925.25,51047292,11198,1737
15,26.1,13.9,0.123822999,0.064024887,75925.25,51047292,11198,1737
51,28.9,8.3,0.123822999,0.064024887,75925.25,51047292,11198,1737
114,27.8,5.6,0.123822999,0.064024887,75925.25,51047292,11198,1737
430,35.6,18.3,0.123822999,0.064024887,75925.25,51047292,11198,1737
844,34.4,15,0.123822999,0.064024887,75925.25,51047292,11198,1737
251,33.3,11.1,0.123822999,0.064024887,75925.25,51047292,11198,1737
137,31.1,18.3,0.123822999,0.064024887,75925.25,51047292,11198,1737
304,33.3,16.7,0.123822999,0.064024887,75925.25,51047292,11198,1737
175,31.7,16.1,0.123822999,0.064024887,75925.25,51047292,11198,1737
292,33.3,17.8,0.123822999,0.064024887,75925.25,51047292,11198,1737
786,34.4,21.7,0.123822999,0.064024887,75925.25,51047292,11198,1737
156,31.7,16.7,0.123822999,0.064024887,75925.25,51047292,11198,1737
391,35.6,21.1,0.123822999,0.064024887,75925.25,51047292,11198,1737
165,32.8,17.2,0.123822999,0.064024887,75925.25,51047292,11198,1737
418,35,21.1,0.123822999,0.064024887,75925.25,51047292,11198,1737
129,32.2,18.9,0.123822999,0.064024887,75925.25,51047292,11198,1737
128,33.3,12.2,0.123822999,0.064024887,75925.25,51047292,11198,1737
101,33.3,16.7,0.123822999,0.064024887,75925.25,51047292,11198,1737
48,33.3,6.7,0.123822999,0.064024887,75925.25,51047292,11198,1737
45,31.1,12.2,0.123822999,0.064024887,75925.25,51047292,11198,1737
43,31.1,10,0.123822999,0.064024887,75925.25,51047292,11198,1737
9,28.9,5.6,0.123822999,0.064024887,75925.25,51047292,11198,1737
6,22.8,3.3,0.123822999,0.064024887,75925.25,51047292,11198,1737
6,26.1,5,0.123822999,0.064024887,75925.25,51047292,11198,1737
12,16.1,0,0.123822999,0.064024887,75925.25,51047292,11198,1737
3,22.8,-2.7,0.123822999,0.064024887,75925.25,51047292,11198,1737
3,25.6,-4.9,0.123822999,0.064024887,75925.25,51047292,11198,1737
9,18.9,-6.6,0.123822999,0.064024887,75925.25,51047292,11198,1737
11,23.9,-0.5,0.123822999,0.064024887,75925.25,51047292,11198,1737
6,21.7,-4.3,0.123822999,0.064024887,75925.25,51047292,11198,1737
6,23.9,-3.2,0.123822999,0.064024887,75925.25,51047292,11198,1737
3,22.8,-5.5,0.123822999,0.064024887,75925.25,51047292,11198,1737
0,16.1,-4.9,0.123822999,0.064024887,75925.25,51047292,11198,1737
4,12.2,-5.5,0.123822999,0.064024887,75925.25,51047292,11198,1737
8,12.2,-6.6,0.123822999,0.064024887,75925.25,51047292,11198,1737
11,11.7,-6.6,0.123822999,0.064024887,75925.25,51047292,11198,1737
0,11.1,-4.3,0.123822999,0.064024887,75925.25,51047292,11198,1737
15,13.9,-6.6,0.123822999,0.064024887,75925.25,51047292,11198,1737
16,26.7,3.3,0.123822999,0.064024887,75925.25,51047292,11198,1737
42,26.7,6.7,0.123822999,0.064024887,75925.25,51047292,11198,1737
3,23.9,2.8,0.123822999,0.064024887,75925.25,51047292,11198,1737
6,20,-3.2,0.123822999,0.064024887,75925.25,51047292,11198,1737
69,28.3,5,0.123822999,0.064024887,75925.25,51047292,11198,1737
12,0,-15.5,0.123822999,0.064024887,75925.25,51047292,11198,1737
0,6.7,-26,0.123822999,0.064024887,75925.25,51047292,11198,1737
7,21.7,-2.7,0.123822999,0.064024887,75925.25,51047292,11198,1737
18,21.1,-3.8,0.123822999,0.064024887,75925.25,51047292,11198,1737
7,21.1,0,0.123822999,0.064024887,75925.25,51047292,11198,1737
7,22.2,-1,0.123822999,0.064024887,75925.25,51047292,11198,1737
3,25.6,2.2,0.123822999,0.064024887,75925.25,51047292,11198,1737
27,22.2,-3.2,0.123822999,0.064024887,75925.25,51047292,11198,1737
921,35,22.8,0.122209383,0.062661603,82736.5,51083792,13054,2921
12,27.8,-0.5,0.122209383,0.062661603,82736.5,51083792,13054,2921
27,27.2,2.8,0.122209383,0.062661603,82736.5,51083792,13054,2921
12,23.9,8.3,0.122209383,0.062661603,82736.5,51083792,13054,2921
418,32.2,14.4,0.122209383,0.062661603,82736.5,51083792,13054,2921
115,30,10.6,0.122209383,0.062661603,82736.5,51083792,13054,2921
39,26.1,7.8,0.122209383,0.062661603,82736.5,51083792,13054,2921
71,31.1,11.1,0.122209383,0.062661603,82736.5,51083792,13054,2921
218,31.1,13.3,0.122209383,0.062661603,82736.5,51083792,13054,2921
3,19.4,-9.9,0.122209383,0.062661603,82736.5,51083792,13054,2921
0,8.9,-12.7,0.122209383,0.062661603,82736.5,51083792,13054,2921
3,14.4,-8.8,0.122209383,0.062661603,82736.5,51083792,13054,2921
0,13.9,-16,0.122209383,0.062661603,82736.5,51083792,13054,2921
3,16.1,-10.5,0.122209383,0.062661603,82736.5,51083792,13054,2921
3,17.8,-15.5,0.122209383,0.062661603,82736.5,51083792,13054,2921
0,15,-7.7,0.122209383,0.062661603,82736.5,51083792,13054,2921
7,18.9,-11.6,0.122209383,0.062661603,82736.5,51083792,13054,2921
7,22.2,-11,0.122209383,0.062661603,82736.5,51083792,13054,2921
9,25,-7.1,0.122209383,0.062661603,82736.5,51083792,13054,2921
0,12.8,-12.1,0.122209383,0.062661603,82736.5,51083792,13054,2921
3,24.4,0,0.122209383,0.062661603,82736.5,51083792,13054,2921
12,23.3,0.6,0.122209383,0.062661603,82736.5,51083792,13054,2921
6,24.4,-3.8,0.122209383,0.062661603,82736.5,51083792,13054,2921
9,24.4,-3.2,0.122209383,0.062661603,82736.5,51083792,13054,2921
21,26.7,-0.5,0.122209383,0.062661603,82736.5,51083792,13054,2921
233,35,13.9,0.122209383,0.062661603,82736.5,51083792,13054,2921
553,36.1,16.7,0.122209383,0.062661603,82736.5,51083792,13054,2921
612,37.2,20,0.122209383,0.062661603,82736.5,51083792,13054,2921
533,37.2,17.2,0.122209383,0.062661603,82736.5,51083792,13054,2921
648,39.4,18.9,0.122209383,0.062661603,82736.5,51083792,13054,2921
284,40,20,0.122209383,0.062661603,82736.5,51083792,13054,2921
583,38.3,20.6,0.122209383,0.062661603,82736.5,51083792,13054,2921
310,35.6,17.8,0.122209383,0.062661603,82736.5,51083792,13054,2921
125,35.6,16.7,0.122209383,0.062661603,82736.5,51083792,13054,2921
142,32.8,16.7,0.122209383,0.062661603,82736.5,51083792,13054,2921
170,31.7,14.4,0.122209383,0.062661603,82736.5,51083792,13054,2921
110,28.9,13.9,0.122209383,0.062661603,82736.5,51083792,13054,2921
68,30.6,9.4,0.122209383,0.062661603,82736.5,51083792,13054,2921
204,35,13.3,0.122209383,0.062661603,82736.5,51083792,13054,2921
31,27.2,5.6,0.122209383,0.062661603,82736.5,51083792,13054,2921
17,29.4,3.9,0.122209383,0.062661603,82736.5,51083792,13054,2921
6,26.7,2.2,0.122209383,0.062661603,82736.5,51083792,13054,2921
8,28.9,-6,0.122209383,0.062661603,82736.5,51083792,13054,2921
14,28.9,2.2,0.122209383,0.062661603,82736.5,51083792,13054,2921
8,26.1,5,0.122209383,0.062661603,82736.5,51083792,13054,2921
5,27.2,-5.5,0.122209383,0.062661603,82736.5,51083792,13054,2921
3,9.4,-8.8,0.122209383,0.062661603,82736.5,51083792,13054,2921
8,15,-9.3,0.122209383,0.062661603,82736.5,51083792,13054,2921
2,21.1,-5.5,0.122209383,0.062661603,82736.5,51083792,13054,2921
5,16.1,-2.1,0.122209383,0.062661603,82736.5,51083792,13054,2921
8,13.3,-4.9,0.122209383,0.062661603,82736.5,51083792,13054,2921
6,6.7,-22.1,0.122209383,0.062661603,82736.5,51083792,13054,2921
11,21.1,-14.9,0.122209383,0.062661603,82736.5,51083792,13054,2921
9,40,-22.1,0.120613729,0.062331384,86771,51097595,14459,3536
0,18.3,-7.7,0.120613729,0.062331384,86771,51097595,14459,3536
9,20.6,-4.3,0.120613729,0.062331384,86771,51097595,14459,3536
9,13.9,-7.1,0.120613729,0.062331384,86771,51097595,14459,3536
12,10,-11,0.120613729,0.062331384,86771,51097595,14459,3536
0,19.4,-7.7,0.120613729,0.062331384,86771,51097595,14459,3536
9,17.2,-6.6,0.120613729,0.062331384,86771,51097595,14459,3536
9,19.4,-5.5,0.120613729,0.062331384,86771,51097595,14459,3536
6,23.9,-1,0.120613729,0.062331384,86771,51097595,14459,3536
0,22.2,2.8,0.120613729,0.062331384,86771,51097595,14459,3536
3,16.7,-7.7,0.120613729,0.062331384,86771,51097595,14459,3536
12,23.9,-8.2,0.120613729,0.062331384,86771,51097595,14459,3536
3,26.7,-1,0.120613729,0.062331384,86771,51097595,14459,3536
40,30,0,0.120613729,0.062331384,86771,51097595,14459,3536
54,27.2,6.1,0.120613729,0.062331384,86771,51097595,14459,3536
21,27.2,1.7,0.120613729,0.062331384,86771,51097595,14459,3536
582,36.1,20.6,0.120613729,0.062331384,86771,51097595,14459,3536
314,35,16.1,0.120613729,0.062331384,86771,51097595,14459,3536
915,37.8,18.3,0.120613729,0.062331384,86771,51097595,14459,3536
363,32.8,15,0.120613729,0.062331384,86771,51097595,14459,3536
570,37.2,15.6,0.120613729,0.062331384,86771,51097595,14459,3536
248,33.9,18.9,0.120613729,0.062331384,86771,51097595,14459,3536
493,36.1,16.7,0.120613729,0.062331384,86771,51097595,14459,3536
6,20.6,-1.6,0.120613729,0.062331384,86771,51097595,14459,3536
70,31.1,3.3,0.120613729,0.062331384,86771,51097595,14459,3536
166,30,15.6,0.120613729,0.062331384,86771,51097595,14459,3536
32,29.4,9.4,0.120613729,0.062331384,86771,51097595,14459,3536
78,28.3,8.9,0.120613729,0.062331384,86771,51097595,14459,3536
163,30.6,11.1,0.120613729,0.062331384,86771,51097595,14459,3536
200,31.7,14.4,0.120613729,0.062331384,86771,51097595,14459,3536
170,30.6,13.3,0.120613729,0.062331384,86771,51097595,14459,3536
315,34.4,17.8,0.120613729,0.062331384,86771,51097595,14459,3536
341,34.4,13.3,0.120613729,0.062331384,86771,51097595,14459,3536
1633,37.8,22.2,0.120613729,0.062331384,86771,51097595,14459,3536
189,31.7,15,0.120613729,0.062331384,86771,51097595,14459,3536
138,34.4,11.7,0.120613729,0.062331384,86771,51097595,14459,3536
23,28.9,11.1,0.120613729,0.062331384,86771,51097595,14459,3536
48,30.6,10.6,0.120613729,0.062331384,86771,51097595,14459,3536
3,16.7,-6.6,0.120613729,0.062331384,86771,51097595,14459,3536
11,15,-4.9,0.120613729,0.062331384,86771,51097595,14459,3536
6,17.8,-3.2,0.120613729,0.062331384,86771,51097595,14459,3536
6,17.2,-5.5,0.120613729,0.062331384,86771,51097595,14459,3536
8,19.4,-5.5,0.120613729,0.062331384,86771,51097595,14459,3536
3,15.6,-3.2,0.120613729,0.062331384,86771,51097595,14459,3536
87,31.1,15,0.120613729,0.062331384,86771,51097595,14459,3536
32,31.7,2.8,0.120613729,0.062331384,86771,51097595,14459,3536
6,26.7,4.4,0.120613729,0.062331384,86771,51097595,14459,3536
23,27.8,3.3,0.120613729,0.062331384,86771,51097595,14459,3536
9,27.2,4.4,0.120613729,0.062331384,86771,51097595,14459,3536
12,21.1,-7.7,0.120613729,0.062331384,86771,51097595,14459,3536
14,28.3,0,0.120613729,0.062331384,86771,51097595,14459,3536
0,21.7,0,0.120613729,0.062331384,86771,51097595,14459,3536
3,8.9,-6,0.120455594,0.063729376,89433.75,51296062,15456,4053
6,12.8,-17.7,0.120455594,0.063729376,89433.75,51296062,15456,4053
102,35.6,16.7,0.120455594,0.063729376,89433.75,51296062,15456,4053
24,29.4,11.7,0.120455594,0.063729376,89433.75,51296062,15456,4053
68,32.2,6.1,0.120455594,0.063729376,89433.75,51296062,15456,4053
5,16.7,-8.8,0.120455594,0.063729376,89433.75,51296062,15456,4053
11,15.6,-4.9,0.120455594,0.063729376,89433.75,51296062,15456,4053
3,17.2,-8.2,0.120455594,0.063729376,89433.75,51296062,15456,4053
5,12.8,-2.7,0.120455594,0.063729376,89433.75,51296062,15456,4053
32,32.8,6.7,0.120455594,0.063729376,89433.75,51296062,15456,4053
8,26.7,-1.6,0.120455594,0.063729376,89433.75,51296062,15456,4053
11,30.6,7.8,0.120455594,0.063729376,89433.75,51296062,15456,4053
8,30,5,0.120455594,0.063729376,89433.75,51296062,15456,4053
6,21.1,3.9,0.120455594,0.063729376,89433.75,51296062,15456,4053
8,19.4,0.6,0.120455594,0.063729376,89433.75,51296062,15456,4053
0,22.8,-2.7,0.120455594,0.063729376,89433.75,51296062,15456,4053
15,22.2,-6,0.120455594,0.063729376,89433.75,51296062,15456,4053
52,31.1,7.8,0.120455594,0.063729376,89433.75,51296062,15456,4053
577,35.6,21.1,0.120455594,0.063729376,89433.75,51296062,15456,4053
68,32.8,10,0.120455594,0.063729376,89433.75,51296062,15456,4053
3,5,-20.5,0.120455594,0.063729376,89433.75,51296062,15456,4053
11,9.4,-10.5,0.120455594,0.063729376,89433.75,51296062,15456,4053
5,20.6,-4.3,0.120455594,0.063729376,89433.75,51296062,15456,4053
8,21.1,-3.8,0.120455594,0.063729376,89433.75,51296062,15456,4053
8,18.3,-7.7,0.120455594,0.063729376,89433.75,51296062,15456,4053
5,22.2,-7.1,0.120455594,0.063729376,89433.75,51296062,15456,4053
11,27.8,-6,0.120455594,0.063729376,89433.75,51296062,15456,4053
3,27.2,1.7,0.120455594,0.063729376,89433.75,51296062,15456,4053
19,26.7,-3.2,0.120455594,0.063729376,89433.75,51296062,15456,4053
14,20.6,-4.3,0.120455594,0.063729376,89433.75,51296062,15456,4053
0,24.4,-3.2,0.120455594,0.063729376,89433.75,51296062,15456,4053
11,25,0.6,0.120455594,0.063729376,89433.75,51296062,15456,4053
36,27.8,5,0.120455594,0.063729376,89433.75,51296062,15456,4053
44,28.3,6.7,0.120455594,0.063729376,89433.75,51296062,15456,4053
17,25,0.6,0.120455594,0.063729376,89433.75,51296062,15456,4053
28,28.3,11.1,0.120455594,0.063729376,89433.75,51296062,15456,4053
39,29.4,10,0.120455594,0.063729376,89433.75,51296062,15456,4053
82,28.9,11.7,0.120455594,0.063729376,89433.75,51296062,15456,4053
101,30.6,13.9,0.120455594,0.063729376,89433.75,51296062,15456,4053
101,30,15,0.120455594,0.063729376,89433.75,51296062,15456,4053
188,31.7,12.8,0.120455594,0.063729376,89433.75,51296062,15456,4053
337,31.7,13.3,0.120455594,0.063729376,89433.75,51296062,15456,4053
508,32.2,20.6,0.120455594,0.063729376,89433.75,51296062,15456,4053
941,35.6,17.2,0.120455594,0.063729376,89433.75,51296062,15456,4053
239,35,16.1,0.120455594,0.063729376,89433.75,51296062,15456,4053
372,31.7,17.2,0.120455594,0.063729376,89433.75,51296062,15456,4053
399,33.9,15.6,0.120455594,0.063729376,89433.75,51296062,15456,4053
317,31.7,18.3,0.120455594,0.063729376,89433.75,51296062,15456,4053
679,35,19.4,0.120455594,0.063729376,89433.75,51296062,15456,4053
258,36.1,13.3,0.120455594,0.063729376,89433.75,51296062,15456,4053
253,34.4,18.9,0.120455594,0.063729376,89433.75,51296062,15456,4053
206,32.8,15,0.120455594,0.063729376,89433.75,51296062,15456,4053
8,8.9,-9.6,0.143754067,0.066437857,65780.75,50440323,154765,102050
8,3.7,-17.5,0.143754067,0.066437857,65780.75,50440323,154765,102050
6,9.7,-10.8,0.143754067,0.066437857,65780.75,50440323,154765,102050
11,9.8,-11.9,0.143754067,0.066437857,65780.75,50440323,154765,102050
7,4.7,-15.3,0.143754067,0.066437857,65780.75,50440323,154765,102050
5,7.5,-10.8,0.143754067,0.066437857,65780.75,50440323,154765,102050
78,23.8,2.1,0.143754067,0.066437857,65780.75,50440323,154765,102050
32,17.7,-3.6,0.143754067,0.066437857,65780.75,50440323,154765,102050
15,12.1,-5.4,0.143754067,0.066437857,65780.75,50440323,154765,102050
11,13,-9.2,0.143754067,0.066437857,65780.75,50440323,154765,102050
24,16,-0.7,0.143754067,0.066437857,65780.75,50440323,154765,102050
15,13.8,-8,0.143754067,0.066437857,65780.75,50440323,154765,102050
6,11.2,-12.5,0.143754067,0.066437857,65780.75,50440323,154765,102050
7,9.9,-13.5,0.143754067,0.066437857,65780.75,50440323,154765,102050
7,10.1,-13.2,0.143754067,0.066437857,65780.75,50440323,154765,102050
5,8.6,-19.7,0.143754067,0.066437857,65780.75,50440323,154765,102050
2,3.4,-16.2,0.143754067,0.066437857,65780.75,50440323,154765,102050
9,11,-15.6,0.143754067,0.066437857,65780.75,50440323,154765,102050
9,10.5,-13.4,0.143754067,0.066437857,65780.75,50440323,154765,102050
6,6.6,-14,0.143754067,0.066437857,65780.75,50440323,154765,102050
22,13.1,-12.3,0.143754067,0.066437857,65780.75,50440323,154765,102050
28,14.1,-10.7,0.143754067,0.066437857,65780.75,50440323,154765,102050
41,15.1,-9.7,0.143754067,0.066437857,65780.75,50440323,154765,102050
25,14.5,-9.3,0.143754067,0.066437857,65780.75,50440323,154765,102050
80,19.1,-1.9,0.143754067,0.066437857,65780.75,50440323,154765,102050
43,17.5,-5.4,0.143754067,0.066437857,65780.75,50440323,154765,102050
120,22.9,-6.3,0.143754067,0.066437857,65780.75,50440323,154765,102050
42,15.4,-2.7,0.143754067,0.066437857,65780.75,50440323,154765,102050
39,18.6,-0.1,0.143754067,0.066437857,65780.75,50440323,154765,102050
148,20.2,-1.5,0.143754067,0.066437857,65780.75,50440323,154765,102050
206,24.6,0.3,0.143754067,0.066437857,65780.75,50440323,154765,102050
257,25,-2.9,0.143754067,0.066437857,65780.75,50440323,154765,102050
272,24.6,-0.5,0.143754067,0.066437857,65780.75,50440323,154765,102050
261,29.2,4,0.143754067,0.066437857,65780.75,50440323,154765,102050
343,28.3,7.4,0.143754067,0.066437857,65780.75,50440323,154765,102050
307,28.8,11.5,0.143754067,0.066437857,65780.75,50440323,154765,102050
368,30.2,9.5,0.143754067,0.066437857,65780.75,50440323,154765,102050
655,29.2,9.7,0.143754067,0.066437857,65780.75,50440323,154765,102050
441,29.2,9.2,0.143754067,0.066437857,65780.75,50440323,154765,102050
348,30.2,6.6,0.143754067,0.066437857,65780.75,50440323,154765,102050
215,27,8.6,0.143754067,0.066437857,65780.75,50440323,154765,102050
187,26.8,8.8,0.143754067,0.066437857,65780.75,50440323,154765,102050
108,24,3,0.143754067,0.066437857,65780.75,50440323,154765,102050
127,25.8,7.6,0.143754067,0.066437857,65780.75,50440323,154765,102050
108,24.9,4,0.143754067,0.066437857,65780.75,50440323,154765,102050
89,21.5,1.3,0.143754067,0.066437857,65780.75,50440323,154765,102050
4,11.5,-4.6,0.143754067,0.066437857,65780.75,50440323,154765,102050
6,9.6,-6.6,0.143754067,0.066437857,65780.75,50440323,154765,102050
3,10.8,-13.8,0.143754067,0.066437857,65780.75,50440323,154765,102050
5,5.6,-12.6,0.143754067,0.066437857,65780.75,50440323,154765,102050
7,12.2,-4.3,0.143754067,0.066437857,65780.75,50440323,154765,102050
7,11.1,-11.5,0.143754067,0.066437857,65780.75,50440323,154765,102050
5,9.7,-20.1,0.13487497,0.059930489,68955,50728272,175741,121175
10,4.5,-7.7,0.13487497,0.059930489,68955,50728272,175741,121175
9,7.2,-9.5,0.13487497,0.059930489,68955,50728272,175741,121175
6,6,-15,0.13487497,0.059930489,68955,50728272,175741,121175
9,9.7,-6.3,0.13487497,0.059930489,68955,50728272,175741,121175
9,1.3,-19.9,0.13487497,0.059930489,68955,50728272,175741,121175
7,4.7,-9,0.13487497,0.059930489,68955,50728272,175741,121175
12,5.5,-12.1,0.13487497,0.059930489,68955,50728272,175741,121175
7,7.5,-15.2,0.13487497,0.059930489,68955,50728272,175741,121175
3,5.9,-13.4,0.13487497,0.059930489,68955,50728272,175741,121175
27,16.1,-10.3,0.13487497,0.059930489,68955,50728272,175741,121175
21,16.7,-5.2,0.13487497,0.059930489,68955,50728272,175741,121175
20,14.8,-8.4,0.13487497,0.059930489,68955,50728272,175741,121175
9,10.6,-16.6,0.13487497,0.059930489,68955,50728272,175741,121175
20,13.8,1.3,0.13487497,0.059930489,68955,50728272,175741,121175
12,12.4,-0.8,0.13487497,0.059930489,68955,50728272,175741,121175
8,14.8,-7.4,0.13487497,0.059930489,68955,50728272,175741,121175
2,7.1,-13.7,0.13487497,0.059930489,68955,50728272,175741,121175
187,24.5,-4.2,0.13487497,0.059930489,68955,50728272,175741,121175
191,24.3,2.1,0.13487497,0.059930489,68955,50728272,175741,121175
276,23.1,-4.1,0.13487497,0.059930489,68955,50728272,175741,121175
284,25.7,-3.2,0.13487497,0.059930489,68955,50728272,175741,121175
360,25.1,10.7,0.13487497,0.059930489,68955,50728272,175741,121175
456,27.5,8.6,0.13487497,0.059930489,68955,50728272,175741,121175
449,26,11.8,0.13487497,0.059930489,68955,50728272,175741,121175
317,26.6,6,0.13487497,0.059930489,68955,50728272,175741,121175
328,25.9,4.5,0.13487497,0.059930489,68955,50728272,175741,121175
278,25.8,8.6,0.13487497,0.059930489,68955,50728272,175741,121175
343,27.1,9.6,0.13487497,0.059930489,68955,50728272,175741,121175
335,26.5,8.3,0.13487497,0.059930489,68955,50728272,175741,121175
139,22.5,0.9,0.13487497,0.059930489,68955,50728272,175741,121175
65,21.6,-2.1,0.13487497,0.059930489,68955,50728272,175741,121175
46,20.6,-3.8,0.13487497,0.059930489,68955,50728272,175741,121175
24,12.8,-7,0.13487497,0.059930489,68955,50728272,175741,121175
6,-0.8,-21.8,0.13487497,0.059930489,68955,50728272,175741,121175
6,6.4,-7.4,0.13487497,0.059930489,68955,50728272,175741,121175
9,9.3,-12.7,0.13487497,0.059930489,68955,50728272,175741,121175
9,11.2,-15.1,0.13487497,0.059930489,68955,50728272,175741,121175
20,11.9,-5.6,0.13487497,0.059930489,68955,50728272,175741,121175
19,12,-10.1,0.13487497,0.059930489,68955,50728272,175741,121175
16,14,-7.1,0.13487497,0.059930489,68955,50728272,175741,121175
30,13.9,-8.3,0.13487497,0.059930489,68955,50728272,175741,121175
37,16.2,-4.4,0.13487497,0.059930489,68955,50728272,175741,121175
91,18.4,-2.3,0.13487497,0.059930489,68955,50728272,175741,121175
57,15.8,-8.6,0.13487497,0.059930489,68955,50728272,175741,121175
30,15.5,-3.5,0.13487497,0.059930489,68955,50728272,175741,121175
37,18.4,-5.5,0.13487497,0.059930489,68955,50728272,175741,121175
18,9.8,-4.7,0.13487497,0.059930489,68955,50728272,175741,121175
64,14.2,-3.9,0.13487497,0.059930489,68955,50728272,175741,121175
187,21,-6.4,0.13487497,0.059930489,68955,50728272,175741,121175
448,23.6,-2.9,0.13487497,0.059930489,68955,50728272,175741,121175
11,4.5,-18.7,0.13487497,0.059930489,68955,50728272,175741,121175
9,3.2,-13,0.127143061,0.061154306,71354.25,50970442,186675,127722
5,9.6,-14.5,0.127143061,0.061154306,71354.25,50970442,186675,127722
34,16.4,-6.4,0.127143061,0.061154306,71354.25,50970442,186675,127722
11,14.1,-14.7,0.127143061,0.061154306,71354.25,50970442,186675,127722
18,20.5,-7,0.127143061,0.061154306,71354.25,50970442,186675,127722
12,4.1,-13.5,0.127143061,0.061154306,71354.25,50970442,186675,127722
13,11.8,-6.7,0.127143061,0.061154306,71354.25,50970442,186675,127722
10,6.6,-11.3,0.127143061,0.061154306,71354.25,50970442,186675,127722
14,9.5,-8.4,0.127143061,0.061154306,71354.25,50970442,186675,127722
4,10.4,-13.9,0.127143061,0.061154306,71354.25,50970442,186675,127722
14,8.1,-13,0.127143061,0.061154306,71354.25,50970442,186675,127722
21,8.8,-6.3,0.127143061,0.061154306,71354.25,50970442,186675,127722
12,8.5,-8.7,0.127143061,0.061154306,71354.25,50970442,186675,127722
73,14.6,-2.6,0.127143061,0.061154306,71354.25,50970442,186675,127722
195,21.1,2.6,0.127143061,0.061154306,71354.25,50970442,186675,127722
179,18.6,-1.7,0.127143061,0.061154306,71354.25,50970442,186675,127722
90,20.8,-1.5,0.127143061,0.061154306,71354.25,50970442,186675,127722
65,20,-7,0.127143061,0.061154306,71354.25,50970442,186675,127722
367,26.2,-0.8,0.127143061,0.061154306,71354.25,50970442,186675,127722
309,24.2,-0.2,0.127143061,0.061154306,71354.25,50970442,186675,127722
149,22.9,-5.8,0.127143061,0.061154306,71354.25,50970442,186675,127722
198,21.3,-2.4,0.127143061,0.061154306,71354.25,50970442,186675,127722
369,25.8,8.3,0.127143061,0.061154306,71354.25,50970442,186675,127722
177,24,-2.5,0.127143061,0.061154306,71354.25,50970442,186675,127722
488,28.3,8.8,0.127143061,0.061154306,71354.25,50970442,186675,127722
550,27.7,10.9,0.127143061,0.061154306,71354.25,50970442,186675,127722
284,27.1,10.1,0.127143061,0.061154306,71354.25,50970442,186675,127722
630,29.2,9.6,0.127143061,0.061154306,71354.25,50970442,186675,127722
337,29.6,10.9,0.127143061,0.061154306,71354.25,50970442,186675,127722
529,28.1,10.1,0.127143061,0.061154306,71354.25,50970442,186675,127722
799,29.9,14.3,0.127143061,0.061154306,71354.25,50970442,186675,127722
485,27.2,10.9,0.127143061,0.061154306,71354.25,50970442,186675,127722
321,29,3.2,0.127143061,0.061154306,71354.25,50970442,186675,127722
242,27.8,-3.4,0.127143061,0.061154306,71354.25,50970442,186675,127722
121,23.3,3.9,0.127143061,0.061154306,71354.25,50970442,186675,127722
121,21.4,4.6,0.127143061,0.061154306,71354.25,50970442,186675,127722
100,22.6,1.9,0.127143061,0.061154306,71354.25,50970442,186675,127722
59,20.8,6.5,0.127143061,0.061154306,71354.25,50970442,186675,127722
60,17.2,-1.6,0.127143061,0.061154306,71354.25,50970442,186675,127722
8,6,-10.7,0.127143061,0.061154306,71354.25,50970442,186675,127722
6,3.4,-15.2,0.127143061,0.061154306,71354.25,50970442,186675,127722
2,6.5,-12,0.127143061,0.061154306,71354.25,50970442,186675,127722
11,8.2,-4.8,0.127143061,0.061154306,71354.25,50970442,186675,127722
6,3.9,-12,0.127143061,0.061154306,71354.25,50970442,186675,127722
10,11.7,-8,0.127143061,0.061154306,71354.25,50970442,186675,127722
4,8.2,-19.7,0.127143061,0.061154306,71354.25,50970442,186675,127722
5,4.1,-12.8,0.127143061,0.061154306,71354.25,50970442,186675,127722
11,4.5,-14.3,0.127143061,0.061154306,71354.25,50970442,186675,127722
10,6.9,-11.1,0.127143061,0.061154306,71354.25,50970442,186675,127722
10,9.9,-12.5,0.127143061,0.061154306,71354.25,50970442,186675,127722
11,8.8,-6.2,0.127143061,0.061154306,71354.25,50970442,186675,127722
9,4.9,-10,0.127143061,0.061154306,71354.25,50970442,186675,127722
125,20.2,-2.6,0.123822999,0.064024887,75925.25,51047292,72707,9836
59,17.9,-6,0.123822999,0.064024887,75925.25,51047292,72707,9836
103,18.9,-3.1,0.123822999,0.064024887,75925.25,51047292,72707,9836
329,26.2,7.4,0.123822999,0.064024887,75925.25,51047292,72707,9836
189,23.8,-2.4,0.123822999,0.064024887,75925.25,51047292,72707,9836
982,27.4,11.7,0.123822999,0.064024887,75925.25,51047292,72707,9836
492,27.9,8.2,0.123822999,0.064024887,75925.25,51047292,72707,9836
452,26.5,10.1,0.123822999,0.064024887,75925.25,51047292,72707,9836
802,29.6,10,0.123822999,0.064024887,75925.25,51047292,72707,9836
587,29.6,12.8,0.123822999,0.064024887,75925.25,51047292,72707,9836
355,27.1,9.9,0.123822999,0.064024887,75925.25,51047292,72707,9836
276,27.7,10.4,0.123822999,0.064024887,75925.25,51047292,72707,9836
451,26.8,8.8,0.123822999,0.064024887,75925.25,51047292,72707,9836
253,27.1,11.5,0.123822999,0.064024887,75925.25,51047292,72707,9836
180,28.8,2.5,0.123822999,0.064024887,75925.25,51047292,72707,9836
284,24.5,5.1,0.123822999,0.064024887,75925.25,51047292,72707,9836
168,24.6,8,0.123822999,0.064024887,75925.25,51047292,72707,9836
270,27.8,8.5,0.123822999,0.064024887,75925.25,51047292,72707,9836
152,22.8,8.1,0.123822999,0.064024887,75925.25,51047292,72707,9836
99,21,-2.2,0.123822999,0.064024887,75925.25,51047292,72707,9836
48,20.9,-3.8,0.123822999,0.064024887,75925.25,51047292,72707,9836
42,18.6,-1.7,0.123822999,0.064024887,75925.25,51047292,72707,9836
15,14.6,-9.2,0.123822999,0.064024887,75925.25,51047292,72707,9836
11,13,-4.4,0.123822999,0.064024887,75925.25,51047292,72707,9836
13,12.3,-5.8,0.123822999,0.064024887,75925.25,51047292,72707,9836
17,13.7,-0.9,0.123822999,0.064024887,75925.25,51047292,72707,9836
10,11.9,-3.9,0.123822999,0.064024887,75925.25,51047292,72707,9836
12,14.3,-7.1,0.123822999,0.064024887,75925.25,51047292,72707,9836
8,11.8,-11.1,0.123822999,0.064024887,75925.25,51047292,72707,9836
9,12.4,2,0.123822999,0.064024887,75925.25,51047292,72707,9836
9,5.8,-14.3,0.123822999,0.064024887,75925.25,51047292,72707,9836
7,5.2,-14.7,0.123822999,0.064024887,75925.25,51047292,72707,9836
3,9.8,-6.8,0.123822999,0.064024887,75925.25,51047292,72707,9836
8,2.6,-10.7,0.123822999,0.064024887,75925.25,51047292,72707,9836
4,6.5,-12.1,0.123822999,0.064024887,75925.25,51047292,72707,9836
9,10.9,-10.3,0.123822999,0.064024887,75925.25,51047292,72707,9836
6,6.5,-12,0.123822999,0.064024887,75925.25,51047292,72707,9836
6,0.3,-12.6,0.123822999,0.064024887,75925.25,51047292,72707,9836
3,5.2,-12.1,0.123822999,0.064024887,75925.25,51047292,72707,9836
123,19.5,-4.4,0.123822999,0.064024887,75925.25,51047292,72707,9836
83,13.9,-8.9,0.123822999,0.064024887,75925.25,51047292,72707,9836
44,10.9,-6.8,0.123822999,0.064024887,75925.25,51047292,72707,9836
48,11.2,-4,0.123822999,0.064024887,75925.25,51047292,72707,9836
76,20.8,-8.1,0.123822999,0.064024887,75925.25,51047292,72707,9836
11,4.2,-11.1,0.123822999,0.064024887,75925.25,51047292,72707,9836
6,4.8,-15,0.123822999,0.064024887,75925.25,51047292,72707,9836
10,7.8,-15.6,0.123822999,0.064024887,75925.25,51047292,72707,9836
18,7.9,-16.1,0.123822999,0.064024887,75925.25,51047292,72707,9836
14,11,-11.2,0.123822999,0.064024887,75925.25,51047292,72707,9836
11,8.6,-8.8,0.123822999,0.064024887,75925.25,51047292,72707,9836
17,7.6,-11,0.123822999,0.064024887,75925.25,51047292,72707,9836
64,16,-12,0.123822999,0.064024887,75925.25,51047292,72707,9836
401,25.2,-3,0.122209383,0.062661603,82736.5,51083792,199746,131708
46,15.5,-6.4,0.122209383,0.062661603,82736.5,51083792,199746,131708
61,13.6,-5.8,0.122209383,0.062661603,82736.5,51083792,199746,131708
68,17.2,-7.8,0.122209383,0.062661603,82736.5,51083792,199746,131708
71,18.9,-10,0.122209383,0.062661603,82736.5,51083792,199746,131708
156,20.5,-8.7,0.122209383,0.062661603,82736.5,51083792,199746,131708
182,23.5,-0.2,0.122209383,0.062661603,82736.5,51083792,199746,131708
122,20.1,-4,0.122209383,0.062661603,82736.5,51083792,199746,131708
513,26.4,3.3,0.122209383,0.062661603,82736.5,51083792,199746,131708
7,-5.5,-18.8,0.122209383,0.062661603,82736.5,51083792,199746,131708
7,6.6,-8.9,0.122209383,0.062661603,82736.5,51083792,199746,131708
6,10.8,-9.8,0.122209383,0.062661603,82736.5,51083792,199746,131708
6,12.2,-10.1,0.122209383,0.062661603,82736.5,51083792,199746,131708
6,6.8,-10.5,0.122209383,0.062661603,82736.5,51083792,199746,131708
4,3.9,-16.6,0.122209383,0.062661603,82736.5,51083792,199746,131708
23,8.5,-6.8,0.122209383,0.062661603,82736.5,51083792,199746,131708
9,7.4,-11.9,0.122209383,0.062661603,82736.5,51083792,199746,131708
6,4.4,-19,0.122209383,0.062661603,82736.5,51083792,199746,131708
31,12,-8.5,0.122209383,0.062661603,82736.5,51083792,199746,131708
15,7.9,-18.7,0.122209383,0.062661603,82736.5,51083792,199746,131708
29,7.4,-7.3,0.122209383,0.062661603,82736.5,51083792,199746,131708
60,15.4,-10.3,0.122209383,0.062661603,82736.5,51083792,199746,131708
42,13,-4.9,0.122209383,0.062661603,82736.5,51083792,199746,131708
91,16.4,-8.1,0.122209383,0.062661603,82736.5,51083792,199746,131708
30,8.8,-13.3,0.122209383,0.062661603,82736.5,51083792,199746,131708
454,26.1,11.7,0.122209383,0.062661603,82736.5,51083792,199746,131708
338,23.3,-1.7,0.122209383,0.062661603,82736.5,51083792,199746,131708
321,25.9,7.2,0.122209383,0.062661603,82736.5,51083792,199746,131708
707,27.8,11.7,0.122209383,0.062661603,82736.5,51083792,199746,131708
687,28.2,12.7,0.122209383,0.062661603,82736.5,51083792,199746,131708
303,27.4,13.4,0.122209383,0.062661603,82736.5,51083792,199746,131708
358,25,9.3,0.122209383,0.062661603,82736.5,51083792,199746,131708
273,25,9.7,0.122209383,0.062661603,82736.5,51083792,199746,131708
322,25.1,9.8,0.122209383,0.062661603,82736.5,51083792,199746,131708
303,25.8,10.2,0.122209383,0.062661603,82736.5,51083792,199746,131708
443,28.7,10.3,0.122209383,0.062661603,82736.5,51083792,199746,131708
533,28.8,9.3,0.122209383,0.062661603,82736.5,51083792,199746,131708
125,23.9,3.6,0.122209383,0.062661603,82736.5,51083792,199746,131708
101,18.4,0.4,0.122209383,0.062661603,82736.5,51083792,199746,131708
114,21.3,1.3,0.122209383,0.062661603,82736.5,51083792,199746,131708
57,18.6,3.5,0.122209383,0.062661603,82736.5,51083792,199746,131708
31,18.2,5.8,0.122209383,0.062661603,82736.5,51083792,199746,131708
19,16.4,-6.5,0.122209383,0.062661603,82736.5,51083792,199746,131708
7,8.4,-10.3,0.122209383,0.062661603,82736.5,51083792,199746,131708
7,10,-11.4,0.122209383,0.062661603,82736.5,51083792,199746,131708
7,4.7,-13,0.122209383,0.062661603,82736.5,51083792,199746,131708
7,3.7,-12.3,0.122209383,0.062661603,82736.5,51083792,199746,131708
5,11,-8,0.122209383,0.062661603,82736.5,51083792,199746,131708
6,3.9,-14.3,0.122209383,0.062661603,82736.5,51083792,199746,131708
4,2.5,-9.5,0.122209383,0.062661603,82736.5,51083792,199746,131708
3,3.4,-12.9,0.122209383,0.062661603,82736.5,51083792,199746,131708
11,6.6,-7.9,0.122209383,0.062661603,82736.5,51083792,199746,131708
7,8.5,-12.3,0.122209383,0.062661603,82736.5,51083792,199746,131708
8,28.8,-19,0.120613729,0.062331384,86771,51097595,211600,140401
8,6.6,-8.5,0.120613729,0.062331384,86771,51097595,211600,140401
12,0.6,-14.3,0.120613729,0.062331384,86771,51097595,211600,140401
8,0.7,-15.4,0.120613729,0.062331384,86771,51097595,211600,140401
7,5.7,-17.9,0.120613729,0.062331384,86771,51097595,211600,140401
5,8,-10.4,0.120613729,0.062331384,86771,51097595,211600,140401
7,4.9,-16.4,0.120613729,0.062331384,86771,51097595,211600,140401
6,2.5,-15.5,0.120613729,0.062331384,86771,51097595,211600,140401
15,-2.3,-15.2,0.120613729,0.062331384,86771,51097595,211600,140401
13,3.6,-13.8,0.120613729,0.062331384,86771,51097595,211600,140401
17,3.5,-12.3,0.120613729,0.062331384,86771,51097595,211600,140401
8,1.8,-14.4,0.120613729,0.062331384,86771,51097595,211600,140401
18,3.5,-16.6,0.120613729,0.062331384,86771,51097595,211600,140401
25,7.2,-15.3,0.120613729,0.062331384,86771,51097595,211600,140401
94,15.4,-11.2,0.120613729,0.062331384,86771,51097595,211600,140401
54,11.6,-11.7,0.120613729,0.062331384,86771,51097595,211600,140401
593,26.1,9,0.120613729,0.062331384,86771,51097595,211600,140401
1530,30.2,12.3,0.120613729,0.062331384,86771,51097595,211600,140401
1195,28.2,11.1,0.120613729,0.062331384,86771,51097595,211600,140401
172,19.1,-1.4,0.120613729,0.062331384,86771,51097595,211600,140401
382,24.9,2.9,0.120613729,0.062331384,86771,51097595,211600,140401
589,26,11.6,0.120613729,0.062331384,86771,51097595,211600,140401
846,28.2,11.6,0.120613729,0.062331384,86771,51097595,211600,140401
114,20,-7.4,0.120613729,0.062331384,86771,51097595,211600,140401
83,18.3,-3.8,0.120613729,0.062331384,86771,51097595,211600,140401
77,13.6,-5.5,0.120613729,0.062331384,86771,51097595,211600,140401
151,18.5,1.5,0.120613729,0.062331384,86771,51097595,211600,140401
149,19.2,2.5,0.120613729,0.062331384,86771,51097595,211600,140401
108,17.3,2.4,0.120613729,0.062331384,86771,51097595,211600,140401
115,18.9,3.9,0.120613729,0.062331384,86771,51097595,211600,140401
137,18.3,3.6,0.120613729,0.062331384,86771,51097595,211600,140401
461,24,7.9,0.120613729,0.062331384,86771,51097595,211600,140401
432,24.5,9.2,0.120613729,0.062331384,86771,51097595,211600,140401
237,22.8,7.1,0.120613729,0.062331384,86771,51097595,211600,140401
430,23.9,8.1,0.120613729,0.062331384,86771,51097595,211600,140401
188,20.4,2.9,0.120613729,0.062331384,86771,51097595,211600,140401
157,19.4,5.9,0.120613729,0.062331384,86771,51097595,211600,140401
72,19.2,-1.4,0.120613729,0.062331384,86771,51097595,211600,140401
11,8.8,-11.9,0.120613729,0.062331384,86771,51097595,211600,140401
9,6.6,-11,0.120613729,0.062331384,86771,51097595,211600,140401
11,8.9,-11.5,0.120613729,0.062331384,86771,51097595,211600,140401
10,3.6,-12,0.120613729,0.062331384,86771,51097595,211600,140401
5,11,-13.9,0.120613729,0.062331384,86771,51097595,211600,140401
6,8.1,-12.6,0.120613729,0.062331384,86771,51097595,211600,140401
75,18.4,0,0.120613729,0.062331384,86771,51097595,211600,140401
69,17.3,-1.3,0.120613729,0.062331384,86771,51097595,211600,140401
51,19.4,-2.8,0.120613729,0.062331384,86771,51097595,211600,140401
90,18.7,2.4,0.120613729,0.062331384,86771,51097595,211600,140401
23,16.1,-10.6,0.120613729,0.062331384,86771,51097595,211600,140401
15,12.8,-11.4,0.120613729,0.062331384,86771,51097595,211600,140401
16,13.2,-8,0.120613729,0.062331384,86771,51097595,211600,140401
11,9.3,-2,0.120613729,0.062331384,86771,51097595,211600,140401
6,3.2,-13,0.120455594,0.063729376,89433.75,51296062,224813,141325
7,-0.3,-15.5,0.120455594,0.063729376,89433.75,51296062,224813,141325
68,19.1,-0.6,0.120455594,0.063729376,89433.75,51296062,224813,141325
209,24.7,5.5,0.120455594,0.063729376,89433.75,51296062,224813,141325
270,22.9,8.9,0.120455594,0.063729376,89433.75,51296062,224813,141325
8,10.3,-0.7,0.120455594,0.063729376,89433.75,51296062,224813,141325
9,7.1,-12.2,0.120455594,0.063729376,89433.75,51296062,224813,141325
9,12.5,-8.8,0.120455594,0.063729376,89433.75,51296062,224813,141325
12,7.7,-9.6,0.120455594,0.063729376,89433.75,51296062,224813,141325
174,20.7,8.6,0.120455594,0.063729376,89433.75,51296062,224813,141325
49,17.7,-7.9,0.120455594,0.063729376,89433.75,51296062,224813,141325
30,16.6,-5.9,0.120455594,0.063729376,89433.75,51296062,224813,141325
24,14.4,-9.8,0.120455594,0.063729376,89433.75,51296062,224813,141325
12,10.3,-12.1,0.120455594,0.063729376,89433.75,51296062,224813,141325
10,10.7,-11.5,0.120455594,0.063729376,89433.75,51296062,224813,141325
6,9.3,-13.7,0.120455594,0.063729376,89433.75,51296062,224813,141325
6,7.3,-10.3,0.120455594,0.063729376,89433.75,51296062,224813,141325
211,23.8,1.4,0.120455594,0.063729376,89433.75,51296062,224813,141325
251,24.8,-1.2,0.120455594,0.063729376,89433.75,51296062,224813,141325
403,25.1,7.9,0.120455594,0.063729376,89433.75,51296062,224813,141325
5,6.6,-9.3,0.120455594,0.063729376,89433.75,51296062,224813,141325
4,8,-9.6,0.120455594,0.063729376,89433.75,51296062,224813,141325
7,10,-11.7,0.120455594,0.063729376,89433.75,51296062,224813,141325
4,0.5,-14.5,0.120455594,0.063729376,89433.75,51296062,224813,141325
12,2.6,-13.5,0.120455594,0.063729376,89433.75,51296062,224813,141325
9,7.5,-8.4,0.120455594,0.063729376,89433.75,51296062,224813,141325
12,5,-13.6,0.120455594,0.063729376,89433.75,51296062,224813,141325
11,7.4,-12.3,0.120455594,0.063729376,89433.75,51296062,224813,141325
17,5.5,-11.6,0.120455594,0.063729376,89433.75,51296062,224813,141325
14,10.6,-6.3,0.120455594,0.063729376,89433.75,51296062,224813,141325
10,4.7,-7.4,0.120455594,0.063729376,89433.75,51296062,224813,141325
17,11.8,-10.2,0.120455594,0.063729376,89433.75,51296062,224813,141325
54,13.9,-11.4,0.120455594,0.063729376,89433.75,51296062,224813,141325
59,12.6,-5.8,0.120455594,0.063729376,89433.75,51296062,224813,141325
67,15.6,-3.5,0.120455594,0.063729376,89433.75,51296062,224813,141325
75,12.2,-6.6,0.120455594,0.063729376,89433.75,51296062,224813,141325
55,13,-9.1,0.120455594,0.063729376,89433.75,51296062,224813,141325
137,17.5,0.5,0.120455594,0.063729376,89433.75,51296062,224813,141325
89,15.4,-5.4,0.120455594,0.063729376,89433.75,51296062,224813,141325
245,21.3,2.4,0.120455594,0.063729376,89433.75,51296062,224813,141325
481,25.4,5.5,0.120455594,0.063729376,89433.75,51296062,224813,141325
510,26.6,6.2,0.120455594,0.063729376,89433.75,51296062,224813,141325
482,26.1,-2.5,0.120455594,0.063729376,89433.75,51296062,224813,141325
876,26.2,7.6,0.120455594,0.063729376,89433.75,51296062,224813,141325
1018,24.7,7.5,0.120455594,0.063729376,89433.75,51296062,224813,141325
1326,29.5,14.3,0.120455594,0.063729376,89433.75,51296062,224813,141325
755,27.5,10.1,0.120455594,0.063729376,89433.75,51296062,224813,141325
948,27.3,10.3,0.120455594,0.063729376,89433.75,51296062,224813,141325
533,28.8,9,0.120455594,0.063729376,89433.75,51296062,224813,141325
693,28.4,12.6,0.120455594,0.063729376,89433.75,51296062,224813,141325
410,26.4,9.3,0.120455594,0.063729376,89433.75,51296062,224813,141325
361,25.3,1.4,0.120455594,0.063729376,89433.75,51296062,224813,141325